cost_id,month,cost_center,cost_pool,cost_category,amount,application_id,service_id,business_unit_id,vendor_id,project_id
CST00001,2024-01,CC101,Software,Software,5625000.0,APP001,SRV012,BU002,VEN002,
CST00002,2024-01,CC101,Internal Labor,People,3750000.0,APP001,SRV012,BU002,,
CST00003,2024-01,CC101,Outside Services,Cloud,3125000.0,APP001,SRV012,BU002,VEN002,
CST00004,2024-01,CC102,Software,Software,1050000.0,APP002,SRV002,BU003,VEN003,
CST00005,2024-01,CC102,Internal Labor,People,700000.0,APP002,SRV002,BU003,,
CST00006,2024-01,CC102,Outside Services,Infrastructure,583333.33,APP002,SRV002,BU003,VEN003,
CST00007,2024-01,CC103,Software,Software,731250.0,APP003,SRV016,BU004,VEN004,
CST00008,2024-01,CC103,Internal Labor,People,487500.0,APP003,SRV016,BU004,,
CST00009,2024-01,CC103,Outside Services,Cloud,406250.0,APP003,SRV016,BU004,VEN004,
CST00010,2024-01,CC104,Software,Software,825000.0,APP004,SRV011,BU005,VEN005,PRJ005
CST00011,2024-01,CC104,Internal Labor,People,550000.0,APP004,SRV011,BU005,,
CST00012,2024-01,CC104,Outside Services,Cloud,458333.33,APP004,SRV011,BU005,VEN005,
CST00013,2024-01,CC105,Software,Software,937500.0,APP005,SRV001,BU006,VEN006,
CST00014,2024-01,CC105,Internal Labor,People,625000.0,APP005,SRV001,BU006,,
CST00015,2024-01,CC105,Outside Services,Infrastructure,520833.33,APP005,SRV001,BU006,VEN006,
CST00016,2024-01,CC106,Software,Software,525000.0,APP006,SRV001,BU007,VEN007,
CST00017,2024-01,CC106,Internal Labor,People,350000.0,APP006,SRV001,BU007,,
CST00018,2024-01,CC106,Outside Services,Infrastructure,291666.67,APP006,SRV001,BU007,VEN007,
CST00019,2024-01,CC107,Software,Software,675000.0,APP007,SRV009,BU008,VEN008,
CST00020,2024-01,CC107,Internal Labor,People,450000.0,APP007,SRV009,BU008,,
CST00021,2024-01,CC107,Outside Services,Infrastructure,375000.0,APP007,SRV009,BU008,VEN008,
CST00022,2024-01,CC108,Software,Software,468750.0,APP008,SRV001,BU009,VEN009,PRJ009
CST00023,2024-01,CC108,Internal Labor,People,312500.0,APP008,SRV001,BU009,,
CST00024,2024-01,CC108,Outside Services,Infrastructure,260416.67,APP008,SRV001,BU009,VEN009,
CST00025,2024-01,CC109,Software,Software,356250.0,APP009,SRV006,BU010,VEN010,
CST00026,2024-01,CC109,Internal Labor,People,237500.0,APP009,SRV006,BU010,,
CST00027,2024-01,CC109,Outside Services,Infrastructure,197916.67,APP009,SRV006,BU010,VEN010,
CST00028,2024-01,CC100,Software,Software,600000.0,APP010,SRV006,BU001,VEN001,
CST00029,2024-01,CC100,Internal Labor,People,400000.0,APP010,SRV006,BU001,,
CST00030,2024-01,CC100,Outside Services,Cloud,333333.33,APP010,SRV006,BU001,VEN001,
CST00031,2024-01,CC101,Software,Software,1162500.0,APP011,SRV007,BU002,VEN002,
CST00032,2024-01,CC101,Internal Labor,People,775000.0,APP011,SRV007,BU002,,
CST00033,2024-01,CC101,Outside Services,Cloud,645833.33,APP011,SRV007,BU002,VEN002,
CST00034,2024-01,CC102,Software,Software,431250.0,APP012,SRV001,BU003,VEN003,PRJ013
CST00035,2024-01,CC102,Internal Labor,People,287500.0,APP012,SRV001,BU003,,
CST00036,2024-01,CC102,Outside Services,Cloud,239583.33,APP012,SRV001,BU003,VEN003,
CST00037,2024-01,CC103,Software,Software,1087500.0,APP013,SRV012,BU004,VEN004,
CST00038,2024-01,CC103,Internal Labor,People,725000.0,APP013,SRV012,BU004,,
CST00039,2024-01,CC103,Outside Services,Cloud,604166.67,APP013,SRV012,BU004,VEN004,
CST00040,2024-01,CC104,Software,Software,1575000.0,APP014,SRV011,BU005,VEN005,
CST00041,2024-01,CC104,Internal Labor,People,1050000.0,APP014,SRV011,BU005,,
CST00042,2024-01,CC104,Outside Services,Cloud,875000.0,APP014,SRV011,BU005,VEN005,
CST00043,2024-01,CC105,Software,Software,787500.0,APP015,SRV018,BU006,VEN006,
CST00044,2024-01,CC105,Internal Labor,People,525000.0,APP015,SRV018,BU006,,
CST00045,2024-01,CC105,Outside Services,Infrastructure,437500.0,APP015,SRV018,BU006,VEN006,
CST00046,2024-01,CC106,Software,Software,581250.0,APP016,SRV018,BU007,VEN007,PRJ017
CST00047,2024-01,CC106,Internal Labor,People,387500.0,APP016,SRV018,BU007,,
CST00048,2024-01,CC106,Outside Services,Cloud,322916.67,APP016,SRV018,BU007,VEN007,
CST00049,2024-01,CC107,Software,Software,318750.0,APP017,SRV002,BU008,VEN008,
CST00050,2024-01,CC107,Internal Labor,People,212500.0,APP017,SRV002,BU008,,
CST00051,2024-01,CC107,Outside Services,Infrastructure,177083.33,APP017,SRV002,BU008,VEN008,
CST00052,2024-01,CC108,Software,Software,367500.0,APP018,SRV001,BU009,VEN009,
CST00053,2024-01,CC108,Internal Labor,People,245000.0,APP018,SRV001,BU009,,
CST00054,2024-01,CC108,Outside Services,Cloud,204166.67,APP018,SRV001,BU009,VEN009,
CST00055,2024-01,CC109,Software,Software,1425000.0,APP019,SRV009,BU010,VEN010,
CST00056,2024-01,CC109,Internal Labor,People,950000.0,APP019,SRV009,BU010,,
CST00057,2024-01,CC109,Outside Services,Infrastructure,791666.67,APP019,SRV009,BU010,VEN010,
CST00058,2024-01,CC100,Software,Software,975000.0,APP020,SRV015,BU001,VEN001,PRJ021
CST00059,2024-01,CC100,Internal Labor,People,650000.0,APP020,SRV015,BU001,,
CST00060,2024-01,CC100,Outside Services,Cloud,541666.67,APP020,SRV015,BU001,VEN001,
CST00061,2024-01,CC101,Software,Software,3150000.0,APP021,SRV007,BU002,VEN002,
CST00062,2024-01,CC101,Internal Labor,People,2100000.0,APP021,SRV007,BU002,,
CST00063,2024-01,CC101,Outside Services,Cloud,1750000.0,APP021,SRV007,BU002,VEN002,
CST00064,2024-01,CC102,Software,Software,900000.0,APP022,SRV009,BU003,VEN003,
CST00065,2024-01,CC102,Internal Labor,People,600000.0,APP022,SRV009,BU003,,
CST00066,2024-01,CC102,Outside Services,Cloud,500000.0,APP022,SRV009,BU003,VEN003,
CST00067,2024-01,CC103,Software,Software,1031250.0,APP023,SRV012,BU004,VEN004,
CST00068,2024-01,CC103,Internal Labor,People,687500.0,APP023,SRV012,BU004,,
CST00069,2024-01,CC103,Outside Services,Cloud,572916.67,APP023,SRV012,BU004,VEN004,
CST00070,2024-01,CC104,Software,Software,712500.0,APP024,SRV002,BU005,VEN005,PRJ025
CST00071,2024-01,CC104,Internal Labor,People,475000.0,APP024,SRV002,BU005,,
CST00072,2024-01,CC104,Outside Services,Infrastructure,395833.33,APP024,SRV002,BU005,VEN005,
CST00073,2024-01,CC105,Software,Software,487500.0,APP025,SRV013,BU006,VEN006,
CST00074,2024-01,CC105,Internal Labor,People,325000.0,APP025,SRV013,BU006,,
CST00075,2024-01,CC105,Outside Services,Cloud,270833.33,APP025,SRV013,BU006,VEN006,
CST00076,2024-01,CC106,Software,Software,292500.0,APP026,SRV001,BU007,VEN007,
CST00077,2024-01,CC106,Internal Labor,People,195000.0,APP026,SRV001,BU007,,
CST00078,2024-01,CC106,Outside Services,Infrastructure,162500.0,APP026,SRV001,BU007,VEN007,
CST00079,2024-01,CC107,Software,Software,345000.0,APP027,SRV004,BU008,VEN008,
CST00080,2024-01,CC107,Internal Labor,People,230000.0,APP027,SRV004,BU008,,
CST00081,2024-01,CC107,Outside Services,Infrastructure,191666.67,APP027,SRV004,BU008,VEN008,
CST00082,2024-01,CC108,Software,Software,243750.0,APP028,SRV014,BU009,VEN009,PRJ029
CST00083,2024-01,CC108,Internal Labor,People,162500.0,APP028,SRV014,BU009,,
CST00084,2024-01,CC108,Outside Services,Infrastructure,135416.67,APP028,SRV014,BU009,VEN009,
CST00085,2024-01,CC109,Software,Software,693750.0,APP029,SRV010,BU010,VEN010,
CST00086,2024-01,CC109,Internal Labor,People,462500.0,APP029,SRV010,BU010,,
CST00087,2024-01,CC109,Outside Services,Cloud,385416.67,APP029,SRV010,BU010,VEN010,
CST00088,2024-01,CC100,Software,Software,843750.0,APP030,SRV009,BU001,VEN001,
CST00089,2024-01,CC100,Internal Labor,People,562500.0,APP030,SRV009,BU001,,
CST00090,2024-01,CC100,Outside Services,Infrastructure,468750.0,APP030,SRV009,BU001,VEN001,
CST00091,2024-01,CC101,Software,Software,217500.0,APP031,SRV008,BU002,VEN002,
CST00092,2024-01,CC101,Internal Labor,People,145000.0,APP031,SRV008,BU002,,
CST00093,2024-01,CC101,Outside Services,Cloud,120833.33,APP031,SRV008,BU002,VEN002,
CST00094,2024-01,CC102,Software,Software,420000.0,APP032,SRV008,BU003,VEN003,PRJ033
CST00095,2024-01,CC102,Internal Labor,People,280000.0,APP032,SRV008,BU003,,
CST00096,2024-01,CC102,Outside Services,Infrastructure,233333.33,APP032,SRV008,BU003,VEN003,
CST00097,2024-01,CC103,Software,Software,356250.0,APP033,SRV008,BU004,VEN004,
CST00098,2024-01,CC103,Internal Labor,People,237500.0,APP033,SRV008,BU004,,
CST00099,2024-01,CC103,Outside Services,Cloud,197916.67,APP033,SRV008,BU004,VEN004,
CST00100,2024-01,CC104,Software,Software,506250.0,APP034,SRV003,BU005,VEN005,
CST00101,2024-01,CC104,Internal Labor,People,337500.0,APP034,SRV003,BU005,,
CST00102,2024-01,CC104,Outside Services,Infrastructure,281250.0,APP034,SRV003,BU005,VEN005,
CST00103,2024-01,CC105,Software,Software,712500.0,APP035,SRV012,BU006,VEN006,
CST00104,2024-01,CC105,Internal Labor,People,475000.0,APP035,SRV012,BU006,,
CST00105,2024-01,CC105,Outside Services,Cloud,395833.33,APP035,SRV012,BU006,VEN006,
CST00106,2024-01,CC106,Software,Software,618750.0,APP036,SRV011,BU007,VEN007,PRJ037
CST00107,2024-01,CC106,Internal Labor,People,412500.0,APP036,SRV011,BU007,,
CST00108,2024-01,CC106,Outside Services,Infrastructure,343750.0,APP036,SRV011,BU007,VEN007,
CST00109,2024-01,CC107,Software,Software,532500.0,APP037,SRV004,BU008,VEN008,
CST00110,2024-01,CC107,Internal Labor,People,355000.0,APP037,SRV004,BU008,,
CST00111,2024-01,CC107,Outside Services,Infrastructure,295833.33,APP037,SRV004,BU008,VEN008,
CST00112,2024-01,CC108,Software,Software,255000.0,APP038,SRV007,BU009,VEN009,
CST00113,2024-01,CC108,Internal Labor,People,170000.0,APP038,SRV007,BU009,,
CST00114,2024-01,CC108,Outside Services,Infrastructure,141666.67,APP038,SRV007,BU009,VEN009,
CST00115,2024-01,CC109,Software,Software,1275000.0,APP039,SRV007,BU010,VEN010,
CST00116,2024-01,CC109,Internal Labor,People,850000.0,APP039,SRV007,BU010,,
CST00117,2024-01,CC109,Outside Services,Cloud,708333.33,APP039,SRV007,BU010,VEN010,
CST00118,2024-01,CC100,Software,Software,333750.0,APP040,SRV010,BU001,VEN001,PRJ001
CST00119,2024-01,CC100,Internal Labor,People,222500.0,APP040,SRV010,BU001,,
CST00120,2024-01,CC100,Outside Services,Cloud,185416.67,APP040,SRV010,BU001,VEN001,
CST00121,2024-01,CC101,Software,Software,862500.0,APP041,SRV018,BU002,VEN002,
CST00122,2024-01,CC101,Internal Labor,People,575000.0,APP041,SRV018,BU002,,
CST00123,2024-01,CC101,Outside Services,Infrastructure,479166.67,APP041,SRV018,BU002,VEN002,
CST00124,2024-01,CC102,Software,Software,191250.0,APP042,SRV014,BU003,VEN003,
CST00125,2024-01,CC102,Internal Labor,People,127500.0,APP042,SRV014,BU003,,
CST00126,2024-01,CC102,Outside Services,Infrastructure,106250.0,APP042,SRV014,BU003,VEN003,
CST00127,2024-01,CC103,Software,Software,157500.0,APP043,SRV001,BU004,VEN004,
CST00128,2024-01,CC103,Internal Labor,People,105000.0,APP043,SRV001,BU004,,
CST00129,2024-01,CC103,Outside Services,Infrastructure,87500.0,APP043,SRV001,BU004,VEN004,
CST00130,2024-01,CC104,Software,Software,142500.0,APP044,SRV004,BU005,VEN005,PRJ005
CST00131,2024-01,CC104,Internal Labor,People,95000.0,APP044,SRV004,BU005,,
CST00132,2024-01,CC104,Outside Services,Infrastructure,79166.67,APP044,SRV004,BU005,VEN005,
CST00133,2024-01,CC105,Software,Software,382500.0,APP045,SRV009,BU006,VEN006,
CST00134,2024-01,CC105,Internal Labor,People,255000.0,APP045,SRV009,BU006,,
CST00135,2024-01,CC105,Outside Services,Infrastructure,212500.0,APP045,SRV009,BU006,VEN006,
CST00136,2024-01,CC106,Software,Software,183750.0,APP046,SRV009,BU007,VEN007,
CST00137,2024-01,CC106,Internal Labor,People,122500.0,APP046,SRV009,BU007,,
CST00138,2024-01,CC106,Outside Services,Cloud,102083.33,APP046,SRV009,BU007,VEN007,
CST00139,2024-01,CC107,Software,Software,270000.0,APP047,SRV003,BU008,VEN008,
CST00140,2024-01,CC107,Internal Labor,People,180000.0,APP047,SRV003,BU008,,
CST00141,2024-01,CC107,Outside Services,Cloud,150000.0,APP047,SRV003,BU008,VEN008,
CST00142,2024-01,CC108,Software,Software,116250.0,APP048,SRV014,BU009,VEN009,PRJ009
CST00143,2024-01,CC108,Internal Labor,People,77500.0,APP048,SRV014,BU009,,
CST00144,2024-01,CC108,Outside Services,Infrastructure,64583.33,APP048,SRV014,BU009,VEN009,
CST00145,2024-01,CC109,Software,Software,918750.0,APP049,SRV015,BU010,VEN010,
CST00146,2024-01,CC109,Internal Labor,People,612500.0,APP049,SRV015,BU010,,
CST00147,2024-01,CC109,Outside Services,Infrastructure,510416.67,APP049,SRV015,BU010,VEN010,
CST00148,2024-01,CC100,Software,Software,480000.0,APP050,SRV015,BU001,VEN001,
CST00149,2024-01,CC100,Internal Labor,People,320000.0,APP050,SRV015,BU001,,
CST00150,2024-01,CC100,Outside Services,Infrastructure,266666.67,APP050,SRV015,BU001,VEN001,
CST00151,2024-01,CC200,Outside Services,Infrastructure,1500000.0,,SRV001,BU006,VEN001,
CST00152,2024-01,CC201,Outside Services,Infrastructure,1620000.0,,SRV002,BU006,VEN002,
CST00153,2024-01,CC202,Outside Services,Infrastructure,1740000.0,,SRV003,BU006,VEN003,
CST00154,2024-01,CC203,Outside Services,Infrastructure,1860000.0,,SRV004,BU006,VEN004,
CST00155,2024-01,CC204,Outside Services,Infrastructure,1980000.0,,SRV005,BU006,VEN005,
CST00156,2024-01,CC205,Outside Services,Infrastructure,2100000.0,,SRV006,BU006,VEN006,
CST00157,2024-01,CC206,Outside Services,Infrastructure,2220000.0,,SRV007,BU006,VEN007,
CST00158,2024-01,CC207,Outside Services,Infrastructure,2340000.0,,SRV008,BU006,VEN008,
CST00159,2024-01,CC208,Outside Services,Infrastructure,2460000.0,,SRV009,BU006,VEN009,
CST00160,2024-01,CC209,Outside Services,Infrastructure,2580000.0,,SRV010,BU006,VEN010,
CST00161,2024-01,CC210,Outside Services,Infrastructure,2700000.0,,SRV011,BU006,VEN001,
CST00162,2024-01,CC211,Outside Services,Infrastructure,2820000.0,,SRV012,BU006,VEN002,
CST00163,2024-01,CC212,Outside Services,Infrastructure,2940000.0,,SRV013,BU006,VEN003,
CST00164,2024-01,CC213,Outside Services,Infrastructure,3060000.0,,SRV014,BU006,VEN004,
CST00165,2024-01,CC214,Outside Services,Infrastructure,3180000.0,,SRV015,BU006,VEN005,
CST00166,2024-01,CC215,Outside Services,Infrastructure,3300000.0,,SRV016,BU006,VEN006,
CST00167,2024-01,CC216,Outside Services,Infrastructure,3420000.0,,SRV017,BU006,VEN007,
CST00168,2024-01,CC217,Outside Services,Infrastructure,3540000.0,,SRV018,BU006,VEN008,
CST00169,2024-02,CC101,Software,Software,5625000.0,APP001,SRV012,BU002,VEN002,
CST00170,2024-02,CC101,Internal Labor,People,3750000.0,APP001,SRV012,BU002,,
CST00171,2024-02,CC101,Outside Services,Cloud,3125000.0,APP001,SRV012,BU002,VEN002,
CST00172,2024-02,CC102,Software,Software,1050000.0,APP002,SRV002,BU003,VEN003,
CST00173,2024-02,CC102,Internal Labor,People,700000.0,APP002,SRV002,BU003,,
CST00174,2024-02,CC102,Outside Services,Infrastructure,583333.33,APP002,SRV002,BU003,VEN003,
CST00175,2024-02,CC103,Software,Software,731250.0,APP003,SRV016,BU004,VEN004,
CST00176,2024-02,CC103,Internal Labor,People,487500.0,APP003,SRV016,BU004,,
CST00177,2024-02,CC103,Outside Services,Cloud,406250.0,APP003,SRV016,BU004,VEN004,
CST00178,2024-02,CC104,Software,Software,825000.0,APP004,SRV011,BU005,VEN005,PRJ005
CST00179,2024-02,CC104,Internal Labor,People,550000.0,APP004,SRV011,BU005,,
CST00180,2024-02,CC104,Outside Services,Cloud,458333.33,APP004,SRV011,BU005,VEN005,
CST00181,2024-02,CC105,Software,Software,937500.0,APP005,SRV001,BU006,VEN006,
CST00182,2024-02,CC105,Internal Labor,People,625000.0,APP005,SRV001,BU006,,
CST00183,2024-02,CC105,Outside Services,Infrastructure,520833.33,APP005,SRV001,BU006,VEN006,
CST00184,2024-02,CC106,Software,Software,525000.0,APP006,SRV001,BU007,VEN007,
CST00185,2024-02,CC106,Internal Labor,People,350000.0,APP006,SRV001,BU007,,
CST00186,2024-02,CC106,Outside Services,Infrastructure,291666.67,APP006,SRV001,BU007,VEN007,
CST00187,2024-02,CC107,Software,Software,675000.0,APP007,SRV009,BU008,VEN008,
CST00188,2024-02,CC107,Internal Labor,People,450000.0,APP007,SRV009,BU008,,
CST00189,2024-02,CC107,Outside Services,Infrastructure,375000.0,APP007,SRV009,BU008,VEN008,
CST00190,2024-02,CC108,Software,Software,468750.0,APP008,SRV001,BU009,VEN009,PRJ009
CST00191,2024-02,CC108,Internal Labor,People,312500.0,APP008,SRV001,BU009,,
CST00192,2024-02,CC108,Outside Services,Infrastructure,260416.67,APP008,SRV001,BU009,VEN009,
CST00193,2024-02,CC109,Software,Software,356250.0,APP009,SRV006,BU010,VEN010,
CST00194,2024-02,CC109,Internal Labor,People,237500.0,APP009,SRV006,BU010,,
CST00195,2024-02,CC109,Outside Services,Infrastructure,197916.67,APP009,SRV006,BU010,VEN010,
CST00196,2024-02,CC100,Software,Software,600000.0,APP010,SRV006,BU001,VEN001,
CST00197,2024-02,CC100,Internal Labor,People,400000.0,APP010,SRV006,BU001,,
CST00198,2024-02,CC100,Outside Services,Cloud,333333.33,APP010,SRV006,BU001,VEN001,
CST00199,2024-02,CC101,Software,Software,1162500.0,APP011,SRV007,BU002,VEN002,
CST00200,2024-02,CC101,Internal Labor,People,775000.0,APP011,SRV007,BU002,,
CST00201,2024-02,CC101,Outside Services,Cloud,645833.33,APP011,SRV007,BU002,VEN002,
CST00202,2024-02,CC102,Software,Software,431250.0,APP012,SRV001,BU003,VEN003,PRJ013
CST00203,2024-02,CC102,Internal Labor,People,287500.0,APP012,SRV001,BU003,,
CST00204,2024-02,CC102,Outside Services,Cloud,239583.33,APP012,SRV001,BU003,VEN003,
CST00205,2024-02,CC103,Software,Software,1087500.0,APP013,SRV012,BU004,VEN004,
CST00206,2024-02,CC103,Internal Labor,People,725000.0,APP013,SRV012,BU004,,
CST00207,2024-02,CC103,Outside Services,Cloud,604166.67,APP013,SRV012,BU004,VEN004,
CST00208,2024-02,CC104,Software,Software,1575000.0,APP014,SRV011,BU005,VEN005,
CST00209,2024-02,CC104,Internal Labor,People,1050000.0,APP014,SRV011,BU005,,
CST00210,2024-02,CC104,Outside Services,Cloud,875000.0,APP014,SRV011,BU005,VEN005,
CST00211,2024-02,CC105,Software,Software,787500.0,APP015,SRV018,BU006,VEN006,
CST00212,2024-02,CC105,Internal Labor,People,525000.0,APP015,SRV018,BU006,,
CST00213,2024-02,CC105,Outside Services,Infrastructure,437500.0,APP015,SRV018,BU006,VEN006,
CST00214,2024-02,CC106,Software,Software,581250.0,APP016,SRV018,BU007,VEN007,PRJ017
CST00215,2024-02,CC106,Internal Labor,People,387500.0,APP016,SRV018,BU007,,
CST00216,2024-02,CC106,Outside Services,Cloud,322916.67,APP016,SRV018,BU007,VEN007,
CST00217,2024-02,CC107,Software,Software,318750.0,APP017,SRV002,BU008,VEN008,
CST00218,2024-02,CC107,Internal Labor,People,212500.0,APP017,SRV002,BU008,,
CST00219,2024-02,CC107,Outside Services,Infrastructure,177083.33,APP017,SRV002,BU008,VEN008,
CST00220,2024-02,CC108,Software,Software,367500.0,APP018,SRV001,BU009,VEN009,
CST00221,2024-02,CC108,Internal Labor,People,245000.0,APP018,SRV001,BU009,,
CST00222,2024-02,CC108,Outside Services,Cloud,204166.67,APP018,SRV001,BU009,VEN009,
CST00223,2024-02,CC109,Software,Software,1425000.0,APP019,SRV009,BU010,VEN010,
CST00224,2024-02,CC109,Internal Labor,People,950000.0,APP019,SRV009,BU010,,
CST00225,2024-02,CC109,Outside Services,Infrastructure,791666.67,APP019,SRV009,BU010,VEN010,
CST00226,2024-02,CC100,Software,Software,975000.0,APP020,SRV015,BU001,VEN001,PRJ021
CST00227,2024-02,CC100,Internal Labor,People,650000.0,APP020,SRV015,BU001,,
CST00228,2024-02,CC100,Outside Services,Cloud,541666.67,APP020,SRV015,BU001,VEN001,
CST00229,2024-02,CC101,Software,Software,3150000.0,APP021,SRV007,BU002,VEN002,
CST00230,2024-02,CC101,Internal Labor,People,2100000.0,APP021,SRV007,BU002,,
CST00231,2024-02,CC101,Outside Services,Cloud,1750000.0,APP021,SRV007,BU002,VEN002,
CST00232,2024-02,CC102,Software,Software,900000.0,APP022,SRV009,BU003,VEN003,
CST00233,2024-02,CC102,Internal Labor,People,600000.0,APP022,SRV009,BU003,,
CST00234,2024-02,CC102,Outside Services,Cloud,500000.0,APP022,SRV009,BU003,VEN003,
CST00235,2024-02,CC103,Software,Software,1031250.0,APP023,SRV012,BU004,VEN004,
CST00236,2024-02,CC103,Internal Labor,People,687500.0,APP023,SRV012,BU004,,
CST00237,2024-02,CC103,Outside Services,Cloud,572916.67,APP023,SRV012,BU004,VEN004,
CST00238,2024-02,CC104,Software,Software,712500.0,APP024,SRV002,BU005,VEN005,PRJ025
CST00239,2024-02,CC104,Internal Labor,People,475000.0,APP024,SRV002,BU005,,
CST00240,2024-02,CC104,Outside Services,Infrastructure,395833.33,APP024,SRV002,BU005,VEN005,
CST00241,2024-02,CC105,Software,Software,487500.0,APP025,SRV013,BU006,VEN006,
CST00242,2024-02,CC105,Internal Labor,People,325000.0,APP025,SRV013,BU006,,
CST00243,2024-02,CC105,Outside Services,Cloud,270833.33,APP025,SRV013,BU006,VEN006,
CST00244,2024-02,CC106,Software,Software,292500.0,APP026,SRV001,BU007,VEN007,
CST00245,2024-02,CC106,Internal Labor,People,195000.0,APP026,SRV001,BU007,,
CST00246,2024-02,CC106,Outside Services,Infrastructure,162500.0,APP026,SRV001,BU007,VEN007,
CST00247,2024-02,CC107,Software,Software,345000.0,APP027,SRV004,BU008,VEN008,
CST00248,2024-02,CC107,Internal Labor,People,230000.0,APP027,SRV004,BU008,,
CST00249,2024-02,CC107,Outside Services,Infrastructure,191666.67,APP027,SRV004,BU008,VEN008,
CST00250,2024-02,CC108,Software,Software,243750.0,APP028,SRV014,BU009,VEN009,PRJ029
CST00251,2024-02,CC108,Internal Labor,People,162500.0,APP028,SRV014,BU009,,
CST00252,2024-02,CC108,Outside Services,Infrastructure,135416.67,APP028,SRV014,BU009,VEN009,
CST00253,2024-02,CC109,Software,Software,693750.0,APP029,SRV010,BU010,VEN010,
CST00254,2024-02,CC109,Internal Labor,People,462500.0,APP029,SRV010,BU010,,
CST00255,2024-02,CC109,Outside Services,Cloud,385416.67,APP029,SRV010,BU010,VEN010,
CST00256,2024-02,CC100,Software,Software,843750.0,APP030,SRV009,BU001,VEN001,
CST00257,2024-02,CC100,Internal Labor,People,562500.0,APP030,SRV009,BU001,,
CST00258,2024-02,CC100,Outside Services,Infrastructure,468750.0,APP030,SRV009,BU001,VEN001,
CST00259,2024-02,CC101,Software,Software,217500.0,APP031,SRV008,BU002,VEN002,
CST00260,2024-02,CC101,Internal Labor,People,145000.0,APP031,SRV008,BU002,,
CST00261,2024-02,CC101,Outside Services,Cloud,120833.33,APP031,SRV008,BU002,VEN002,
CST00262,2024-02,CC102,Software,Software,420000.0,APP032,SRV008,BU003,VEN003,PRJ033
CST00263,2024-02,CC102,Internal Labor,People,280000.0,APP032,SRV008,BU003,,
CST00264,2024-02,CC102,Outside Services,Infrastructure,233333.33,APP032,SRV008,BU003,VEN003,
CST00265,2024-02,CC103,Software,Software,356250.0,APP033,SRV008,BU004,VEN004,
CST00266,2024-02,CC103,Internal Labor,People,237500.0,APP033,SRV008,BU004,,
CST00267,2024-02,CC103,Outside Services,Cloud,197916.67,APP033,SRV008,BU004,VEN004,
CST00268,2024-02,CC104,Software,Software,506250.0,APP034,SRV003,BU005,VEN005,
CST00269,2024-02,CC104,Internal Labor,People,337500.0,APP034,SRV003,BU005,,
CST00270,2024-02,CC104,Outside Services,Infrastructure,281250.0,APP034,SRV003,BU005,VEN005,
CST00271,2024-02,CC105,Software,Software,712500.0,APP035,SRV012,BU006,VEN006,
CST00272,2024-02,CC105,Internal Labor,People,475000.0,APP035,SRV012,BU006,,
CST00273,2024-02,CC105,Outside Services,Cloud,395833.33,APP035,SRV012,BU006,VEN006,
CST00274,2024-02,CC106,Software,Software,618750.0,APP036,SRV011,BU007,VEN007,PRJ037
CST00275,2024-02,CC106,Internal Labor,People,412500.0,APP036,SRV011,BU007,,
CST00276,2024-02,CC106,Outside Services,Infrastructure,343750.0,APP036,SRV011,BU007,VEN007,
CST00277,2024-02,CC107,Software,Software,532500.0,APP037,SRV004,BU008,VEN008,
CST00278,2024-02,CC107,Internal Labor,People,355000.0,APP037,SRV004,BU008,,
CST00279,2024-02,CC107,Outside Services,Infrastructure,295833.33,APP037,SRV004,BU008,VEN008,
CST00280,2024-02,CC108,Software,Software,255000.0,APP038,SRV007,BU009,VEN009,
CST00281,2024-02,CC108,Internal Labor,People,170000.0,APP038,SRV007,BU009,,
CST00282,2024-02,CC108,Outside Services,Infrastructure,141666.67,APP038,SRV007,BU009,VEN009,
CST00283,2024-02,CC109,Software,Software,1275000.0,APP039,SRV007,BU010,VEN010,
CST00284,2024-02,CC109,Internal Labor,People,850000.0,APP039,SRV007,BU010,,
CST00285,2024-02,CC109,Outside Services,Cloud,708333.33,APP039,SRV007,BU010,VEN010,
CST00286,2024-02,CC100,Software,Software,333750.0,APP040,SRV010,BU001,VEN001,PRJ001
CST00287,2024-02,CC100,Internal Labor,People,222500.0,APP040,SRV010,BU001,,
CST00288,2024-02,CC100,Outside Services,Cloud,185416.67,APP040,SRV010,BU001,VEN001,
CST00289,2024-02,CC101,Software,Software,862500.0,APP041,SRV018,BU002,VEN002,
CST00290,2024-02,CC101,Internal Labor,People,575000.0,APP041,SRV018,BU002,,
CST00291,2024-02,CC101,Outside Services,Infrastructure,479166.67,APP041,SRV018,BU002,VEN002,
CST00292,2024-02,CC102,Software,Software,191250.0,APP042,SRV014,BU003,VEN003,
CST00293,2024-02,CC102,Internal Labor,People,127500.0,APP042,SRV014,BU003,,
CST00294,2024-02,CC102,Outside Services,Infrastructure,106250.0,APP042,SRV014,BU003,VEN003,
CST00295,2024-02,CC103,Software,Software,157500.0,APP043,SRV001,BU004,VEN004,
CST00296,2024-02,CC103,Internal Labor,People,105000.0,APP043,SRV001,BU004,,
CST00297,2024-02,CC103,Outside Services,Infrastructure,87500.0,APP043,SRV001,BU004,VEN004,
CST00298,2024-02,CC104,Software,Software,142500.0,APP044,SRV004,BU005,VEN005,PRJ005
CST00299,2024-02,CC104,Internal Labor,People,95000.0,APP044,SRV004,BU005,,
CST00300,2024-02,CC104,Outside Services,Infrastructure,79166.67,APP044,SRV004,BU005,VEN005,
CST00301,2024-02,CC105,Software,Software,382500.0,APP045,SRV009,BU006,VEN006,
CST00302,2024-02,CC105,Internal Labor,People,255000.0,APP045,SRV009,BU006,,
CST00303,2024-02,CC105,Outside Services,Infrastructure,212500.0,APP045,SRV009,BU006,VEN006,
CST00304,2024-02,CC106,Software,Software,183750.0,APP046,SRV009,BU007,VEN007,
CST00305,2024-02,CC106,Internal Labor,People,122500.0,APP046,SRV009,BU007,,
CST00306,2024-02,CC106,Outside Services,Cloud,102083.33,APP046,SRV009,BU007,VEN007,
CST00307,2024-02,CC107,Software,Software,270000.0,APP047,SRV003,BU008,VEN008,
CST00308,2024-02,CC107,Internal Labor,People,180000.0,APP047,SRV003,BU008,,
CST00309,2024-02,CC107,Outside Services,Cloud,150000.0,APP047,SRV003,BU008,VEN008,
CST00310,2024-02,CC108,Software,Software,116250.0,APP048,SRV014,BU009,VEN009,PRJ009
CST00311,2024-02,CC108,Internal Labor,People,77500.0,APP048,SRV014,BU009,,
CST00312,2024-02,CC108,Outside Services,Infrastructure,64583.33,APP048,SRV014,BU009,VEN009,
CST00313,2024-02,CC109,Software,Software,918750.0,APP049,SRV015,BU010,VEN010,
CST00314,2024-02,CC109,Internal Labor,People,612500.0,APP049,SRV015,BU010,,
CST00315,2024-02,CC109,Outside Services,Infrastructure,510416.67,APP049,SRV015,BU010,VEN010,
CST00316,2024-02,CC100,Software,Software,480000.0,APP050,SRV015,BU001,VEN001,
CST00317,2024-02,CC100,Internal Labor,People,320000.0,APP050,SRV015,BU001,,
CST00318,2024-02,CC100,Outside Services,Infrastructure,266666.67,APP050,SRV015,BU001,VEN001,
CST00319,2024-02,CC200,Outside Services,Infrastructure,1500000.0,,SRV001,BU006,VEN001,
CST00320,2024-02,CC201,Outside Services,Infrastructure,1620000.0,,SRV002,BU006,VEN002,
CST00321,2024-02,CC202,Outside Services,Infrastructure,1740000.0,,SRV003,BU006,VEN003,
CST00322,2024-02,CC203,Outside Services,Infrastructure,1860000.0,,SRV004,BU006,VEN004,
CST00323,2024-02,CC204,Outside Services,Infrastructure,1980000.0,,SRV005,BU006,VEN005,
CST00324,2024-02,CC205,Outside Services,Infrastructure,2100000.0,,SRV006,BU006,VEN006,
CST00325,2024-02,CC206,Outside Services,Infrastructure,2220000.0,,SRV007,BU006,VEN007,
CST00326,2024-02,CC207,Outside Services,Infrastructure,2340000.0,,SRV008,BU006,VEN008,
CST00327,2024-02,CC208,Outside Services,Infrastructure,2460000.0,,SRV009,BU006,VEN009,
CST00328,2024-02,CC209,Outside Services,Infrastructure,2580000.0,,SRV010,BU006,VEN010,
CST00329,2024-02,CC210,Outside Services,Infrastructure,2700000.0,,SRV011,BU006,VEN001,
CST00330,2024-02,CC211,Outside Services,Infrastructure,2820000.0,,SRV012,BU006,VEN002,
CST00331,2024-02,CC212,Outside Services,Infrastructure,2940000.0,,SRV013,BU006,VEN003,
CST00332,2024-02,CC213,Outside Services,Infrastructure,3060000.0,,SRV014,BU006,VEN004,
CST00333,2024-02,CC214,Outside Services,Infrastructure,3180000.0,,SRV015,BU006,VEN005,
CST00334,2024-02,CC215,Outside Services,Infrastructure,3300000.0,,SRV016,BU006,VEN006,
CST00335,2024-02,CC216,Outside Services,Infrastructure,3420000.0,,SRV017,BU006,VEN007,
CST00336,2024-02,CC217,Outside Services,Infrastructure,3540000.0,,SRV018,BU006,VEN008,
CST00337,2024-03,CC101,Software,Software,5625000.0,APP001,SRV012,BU002,VEN002,
CST00338,2024-03,CC101,Internal Labor,People,3750000.0,APP001,SRV012,BU002,,
CST00339,2024-03,CC101,Outside Services,Cloud,3125000.0,APP001,SRV012,BU002,VEN002,
CST00340,2024-03,CC102,Software,Software,1050000.0,APP002,SRV002,BU003,VEN003,
CST00341,2024-03,CC102,Internal Labor,People,700000.0,APP002,SRV002,BU003,,
CST00342,2024-03,CC102,Outside Services,Infrastructure,583333.33,APP002,SRV002,BU003,VEN003,
CST00343,2024-03,CC103,Software,Software,731250.0,APP003,SRV016,BU004,VEN004,
CST00344,2024-03,CC103,Internal Labor,People,487500.0,APP003,SRV016,BU004,,
CST00345,2024-03,CC103,Outside Services,Cloud,406250.0,APP003,SRV016,BU004,VEN004,
CST00346,2024-03,CC104,Software,Software,825000.0,APP004,SRV011,BU005,VEN005,PRJ005
CST00347,2024-03,CC104,Internal Labor,People,550000.0,APP004,SRV011,BU005,,
CST00348,2024-03,CC104,Outside Services,Cloud,458333.33,APP004,SRV011,BU005,VEN005,
CST00349,2024-03,CC105,Software,Software,937500.0,APP005,SRV001,BU006,VEN006,
CST00350,2024-03,CC105,Internal Labor,People,625000.0,APP005,SRV001,BU006,,
CST00351,2024-03,CC105,Outside Services,Infrastructure,520833.33,APP005,SRV001,BU006,VEN006,
CST00352,2024-03,CC106,Software,Software,525000.0,APP006,SRV001,BU007,VEN007,
CST00353,2024-03,CC106,Internal Labor,People,350000.0,APP006,SRV001,BU007,,
CST00354,2024-03,CC106,Outside Services,Infrastructure,291666.67,APP006,SRV001,BU007,VEN007,
CST00355,2024-03,CC107,Software,Software,675000.0,APP007,SRV009,BU008,VEN008,
CST00356,2024-03,CC107,Internal Labor,People,450000.0,APP007,SRV009,BU008,,
CST00357,2024-03,CC107,Outside Services,Infrastructure,375000.0,APP007,SRV009,BU008,VEN008,
CST00358,2024-03,CC108,Software,Software,468750.0,APP008,SRV001,BU009,VEN009,PRJ009
CST00359,2024-03,CC108,Internal Labor,People,312500.0,APP008,SRV001,BU009,,
CST00360,2024-03,CC108,Outside Services,Infrastructure,260416.67,APP008,SRV001,BU009,VEN009,
CST00361,2024-03,CC109,Software,Software,356250.0,APP009,SRV006,BU010,VEN010,
CST00362,2024-03,CC109,Internal Labor,People,237500.0,APP009,SRV006,BU010,,
CST00363,2024-03,CC109,Outside Services,Infrastructure,197916.67,APP009,SRV006,BU010,VEN010,
CST00364,2024-03,CC100,Software,Software,600000.0,APP010,SRV006,BU001,VEN001,
CST00365,2024-03,CC100,Internal Labor,People,400000.0,APP010,SRV006,BU001,,
CST00366,2024-03,CC100,Outside Services,Cloud,333333.33,APP010,SRV006,BU001,VEN001,
CST00367,2024-03,CC101,Software,Software,1162500.0,APP011,SRV007,BU002,VEN002,
CST00368,2024-03,CC101,Internal Labor,People,775000.0,APP011,SRV007,BU002,,
CST00369,2024-03,CC101,Outside Services,Cloud,645833.33,APP011,SRV007,BU002,VEN002,
CST00370,2024-03,CC102,Software,Software,431250.0,APP012,SRV001,BU003,VEN003,PRJ013
CST00371,2024-03,CC102,Internal Labor,People,287500.0,APP012,SRV001,BU003,,
CST00372,2024-03,CC102,Outside Services,Cloud,239583.33,APP012,SRV001,BU003,VEN003,
CST00373,2024-03,CC103,Software,Software,1087500.0,APP013,SRV012,BU004,VEN004,
CST00374,2024-03,CC103,Internal Labor,People,725000.0,APP013,SRV012,BU004,,
CST00375,2024-03,CC103,Outside Services,Cloud,604166.67,APP013,SRV012,BU004,VEN004,
CST00376,2024-03,CC104,Software,Software,1575000.0,APP014,SRV011,BU005,VEN005,
CST00377,2024-03,CC104,Internal Labor,People,1050000.0,APP014,SRV011,BU005,,
CST00378,2024-03,CC104,Outside Services,Cloud,875000.0,APP014,SRV011,BU005,VEN005,
CST00379,2024-03,CC105,Software,Software,787500.0,APP015,SRV018,BU006,VEN006,
CST00380,2024-03,CC105,Internal Labor,People,525000.0,APP015,SRV018,BU006,,
CST00381,2024-03,CC105,Outside Services,Infrastructure,437500.0,APP015,SRV018,BU006,VEN006,
CST00382,2024-03,CC106,Software,Software,581250.0,APP016,SRV018,BU007,VEN007,PRJ017
CST00383,2024-03,CC106,Internal Labor,People,387500.0,APP016,SRV018,BU007,,
CST00384,2024-03,CC106,Outside Services,Cloud,322916.67,APP016,SRV018,BU007,VEN007,
CST00385,2024-03,CC107,Software,Software,318750.0,APP017,SRV002,BU008,VEN008,
CST00386,2024-03,CC107,Internal Labor,People,212500.0,APP017,SRV002,BU008,,
CST00387,2024-03,CC107,Outside Services,Infrastructure,177083.33,APP017,SRV002,BU008,VEN008,
CST00388,2024-03,CC108,Software,Software,367500.0,APP018,SRV001,BU009,VEN009,
CST00389,2024-03,CC108,Internal Labor,People,245000.0,APP018,SRV001,BU009,,
CST00390,2024-03,CC108,Outside Services,Cloud,204166.67,APP018,SRV001,BU009,VEN009,
CST00391,2024-03,CC109,Software,Software,1425000.0,APP019,SRV009,BU010,VEN010,
CST00392,2024-03,CC109,Internal Labor,People,950000.0,APP019,SRV009,BU010,,
CST00393,2024-03,CC109,Outside Services,Infrastructure,791666.67,APP019,SRV009,BU010,VEN010,
CST00394,2024-03,CC100,Software,Software,975000.0,APP020,SRV015,BU001,VEN001,PRJ021
CST00395,2024-03,CC100,Internal Labor,People,650000.0,APP020,SRV015,BU001,,
CST00396,2024-03,CC100,Outside Services,Cloud,541666.67,APP020,SRV015,BU001,VEN001,
CST00397,2024-03,CC101,Software,Software,3150000.0,APP021,SRV007,BU002,VEN002,
CST00398,2024-03,CC101,Internal Labor,People,2100000.0,APP021,SRV007,BU002,,
CST00399,2024-03,CC101,Outside Services,Cloud,1750000.0,APP021,SRV007,BU002,VEN002,
CST00400,2024-03,CC102,Software,Software,900000.0,APP022,SRV009,BU003,VEN003,
CST00401,2024-03,CC102,Internal Labor,People,600000.0,APP022,SRV009,BU003,,
CST00402,2024-03,CC102,Outside Services,Cloud,500000.0,APP022,SRV009,BU003,VEN003,
CST00403,2024-03,CC103,Software,Software,1031250.0,APP023,SRV012,BU004,VEN004,
CST00404,2024-03,CC103,Internal Labor,People,687500.0,APP023,SRV012,BU004,,
CST00405,2024-03,CC103,Outside Services,Cloud,572916.67,APP023,SRV012,BU004,VEN004,
CST00406,2024-03,CC104,Software,Software,712500.0,APP024,SRV002,BU005,VEN005,PRJ025
CST00407,2024-03,CC104,Internal Labor,People,475000.0,APP024,SRV002,BU005,,
CST00408,2024-03,CC104,Outside Services,Infrastructure,395833.33,APP024,SRV002,BU005,VEN005,
CST00409,2024-03,CC105,Software,Software,487500.0,APP025,SRV013,BU006,VEN006,
CST00410,2024-03,CC105,Internal Labor,People,325000.0,APP025,SRV013,BU006,,
CST00411,2024-03,CC105,Outside Services,Cloud,270833.33,APP025,SRV013,BU006,VEN006,
CST00412,2024-03,CC106,Software,Software,292500.0,APP026,SRV001,BU007,VEN007,
CST00413,2024-03,CC106,Internal Labor,People,195000.0,APP026,SRV001,BU007,,
CST00414,2024-03,CC106,Outside Services,Infrastructure,162500.0,APP026,SRV001,BU007,VEN007,
CST00415,2024-03,CC107,Software,Software,345000.0,APP027,SRV004,BU008,VEN008,
CST00416,2024-03,CC107,Internal Labor,People,230000.0,APP027,SRV004,BU008,,
CST00417,2024-03,CC107,Outside Services,Infrastructure,191666.67,APP027,SRV004,BU008,VEN008,
CST00418,2024-03,CC108,Software,Software,243750.0,APP028,SRV014,BU009,VEN009,PRJ029
CST00419,2024-03,CC108,Internal Labor,People,162500.0,APP028,SRV014,BU009,,
CST00420,2024-03,CC108,Outside Services,Infrastructure,135416.67,APP028,SRV014,BU009,VEN009,
CST00421,2024-03,CC109,Software,Software,693750.0,APP029,SRV010,BU010,VEN010,
CST00422,2024-03,CC109,Internal Labor,People,462500.0,APP029,SRV010,BU010,,
CST00423,2024-03,CC109,Outside Services,Cloud,385416.67,APP029,SRV010,BU010,VEN010,
CST00424,2024-03,CC100,Software,Software,843750.0,APP030,SRV009,BU001,VEN001,
CST00425,2024-03,CC100,Internal Labor,People,562500.0,APP030,SRV009,BU001,,
CST00426,2024-03,CC100,Outside Services,Infrastructure,468750.0,APP030,SRV009,BU001,VEN001,
CST00427,2024-03,CC101,Software,Software,217500.0,APP031,SRV008,BU002,VEN002,
CST00428,2024-03,CC101,Internal Labor,People,145000.0,APP031,SRV008,BU002,,
CST00429,2024-03,CC101,Outside Services,Cloud,120833.33,APP031,SRV008,BU002,VEN002,
CST00430,2024-03,CC102,Software,Software,420000.0,APP032,SRV008,BU003,VEN003,PRJ033
CST00431,2024-03,CC102,Internal Labor,People,280000.0,APP032,SRV008,BU003,,
CST00432,2024-03,CC102,Outside Services,Infrastructure,233333.33,APP032,SRV008,BU003,VEN003,
CST00433,2024-03,CC103,Software,Software,356250.0,APP033,SRV008,BU004,VEN004,
CST00434,2024-03,CC103,Internal Labor,People,237500.0,APP033,SRV008,BU004,,
CST00435,2024-03,CC103,Outside Services,Cloud,197916.67,APP033,SRV008,BU004,VEN004,
CST00436,2024-03,CC104,Software,Software,506250.0,APP034,SRV003,BU005,VEN005,
CST00437,2024-03,CC104,Internal Labor,People,337500.0,APP034,SRV003,BU005,,
CST00438,2024-03,CC104,Outside Services,Infrastructure,281250.0,APP034,SRV003,BU005,VEN005,
CST00439,2024-03,CC105,Software,Software,712500.0,APP035,SRV012,BU006,VEN006,
CST00440,2024-03,CC105,Internal Labor,People,475000.0,APP035,SRV012,BU006,,
CST00441,2024-03,CC105,Outside Services,Cloud,395833.33,APP035,SRV012,BU006,VEN006,
CST00442,2024-03,CC106,Software,Software,618750.0,APP036,SRV011,BU007,VEN007,PRJ037
CST00443,2024-03,CC106,Internal Labor,People,412500.0,APP036,SRV011,BU007,,
CST00444,2024-03,CC106,Outside Services,Infrastructure,343750.0,APP036,SRV011,BU007,VEN007,
CST00445,2024-03,CC107,Software,Software,532500.0,APP037,SRV004,BU008,VEN008,
CST00446,2024-03,CC107,Internal Labor,People,355000.0,APP037,SRV004,BU008,,
CST00447,2024-03,CC107,Outside Services,Infrastructure,295833.33,APP037,SRV004,BU008,VEN008,
CST00448,2024-03,CC108,Software,Software,255000.0,APP038,SRV007,BU009,VEN009,
CST00449,2024-03,CC108,Internal Labor,People,170000.0,APP038,SRV007,BU009,,
CST00450,2024-03,CC108,Outside Services,Infrastructure,141666.67,APP038,SRV007,BU009,VEN009,
CST00451,2024-03,CC109,Software,Software,1275000.0,APP039,SRV007,BU010,VEN010,
CST00452,2024-03,CC109,Internal Labor,People,850000.0,APP039,SRV007,BU010,,
CST00453,2024-03,CC109,Outside Services,Cloud,708333.33,APP039,SRV007,BU010,VEN010,
CST00454,2024-03,CC100,Software,Software,333750.0,APP040,SRV010,BU001,VEN001,PRJ001
CST00455,2024-03,CC100,Internal Labor,People,222500.0,APP040,SRV010,BU001,,
CST00456,2024-03,CC100,Outside Services,Cloud,185416.67,APP040,SRV010,BU001,VEN001,
CST00457,2024-03,CC101,Software,Software,862500.0,APP041,SRV018,BU002,VEN002,
CST00458,2024-03,CC101,Internal Labor,People,575000.0,APP041,SRV018,BU002,,
CST00459,2024-03,CC101,Outside Services,Infrastructure,479166.67,APP041,SRV018,BU002,VEN002,
CST00460,2024-03,CC102,Software,Software,191250.0,APP042,SRV014,BU003,VEN003,
CST00461,2024-03,CC102,Internal Labor,People,127500.0,APP042,SRV014,BU003,,
CST00462,2024-03,CC102,Outside Services,Infrastructure,106250.0,APP042,SRV014,BU003,VEN003,
CST00463,2024-03,CC103,Software,Software,157500.0,APP043,SRV001,BU004,VEN004,
CST00464,2024-03,CC103,Internal Labor,People,105000.0,APP043,SRV001,BU004,,
CST00465,2024-03,CC103,Outside Services,Infrastructure,87500.0,APP043,SRV001,BU004,VEN004,
CST00466,2024-03,CC104,Software,Software,142500.0,APP044,SRV004,BU005,VEN005,PRJ005
CST00467,2024-03,CC104,Internal Labor,People,95000.0,APP044,SRV004,BU005,,
CST00468,2024-03,CC104,Outside Services,Infrastructure,79166.67,APP044,SRV004,BU005,VEN005,
CST00469,2024-03,CC105,Software,Software,382500.0,APP045,SRV009,BU006,VEN006,
CST00470,2024-03,CC105,Internal Labor,People,255000.0,APP045,SRV009,BU006,,
CST00471,2024-03,CC105,Outside Services,Infrastructure,212500.0,APP045,SRV009,BU006,VEN006,
CST00472,2024-03,CC106,Software,Software,183750.0,APP046,SRV009,BU007,VEN007,
CST00473,2024-03,CC106,Internal Labor,People,122500.0,APP046,SRV009,BU007,,
CST00474,2024-03,CC106,Outside Services,Cloud,102083.33,APP046,SRV009,BU007,VEN007,
CST00475,2024-03,CC107,Software,Software,270000.0,APP047,SRV003,BU008,VEN008,
CST00476,2024-03,CC107,Internal Labor,People,180000.0,APP047,SRV003,BU008,,
CST00477,2024-03,CC107,Outside Services,Cloud,150000.0,APP047,SRV003,BU008,VEN008,
CST00478,2024-03,CC108,Software,Software,116250.0,APP048,SRV014,BU009,VEN009,PRJ009
CST00479,2024-03,CC108,Internal Labor,People,77500.0,APP048,SRV014,BU009,,
CST00480,2024-03,CC108,Outside Services,Infrastructure,64583.33,APP048,SRV014,BU009,VEN009,
CST00481,2024-03,CC109,Software,Software,918750.0,APP049,SRV015,BU010,VEN010,
CST00482,2024-03,CC109,Internal Labor,People,612500.0,APP049,SRV015,BU010,,
CST00483,2024-03,CC109,Outside Services,Infrastructure,510416.67,APP049,SRV015,BU010,VEN010,
CST00484,2024-03,CC100,Software,Software,480000.0,APP050,SRV015,BU001,VEN001,
CST00485,2024-03,CC100,Internal Labor,People,320000.0,APP050,SRV015,BU001,,
CST00486,2024-03,CC100,Outside Services,Infrastructure,266666.67,APP050,SRV015,BU001,VEN001,
CST00487,2024-03,CC200,Outside Services,Infrastructure,1500000.0,,SRV001,BU006,VEN001,
CST00488,2024-03,CC201,Outside Services,Infrastructure,1620000.0,,SRV002,BU006,VEN002,
CST00489,2024-03,CC202,Outside Services,Infrastructure,1740000.0,,SRV003,BU006,VEN003,
CST00490,2024-03,CC203,Outside Services,Infrastructure,1860000.0,,SRV004,BU006,VEN004,
CST00491,2024-03,CC204,Outside Services,Infrastructure,1980000.0,,SRV005,BU006,VEN005,
CST00492,2024-03,CC205,Outside Services,Infrastructure,2100000.0,,SRV006,BU006,VEN006,
CST00493,2024-03,CC206,Outside Services,Infrastructure,2220000.0,,SRV007,BU006,VEN007,
CST00494,2024-03,CC207,Outside Services,Infrastructure,2340000.0,,SRV008,BU006,VEN008,
CST00495,2024-03,CC208,Outside Services,Infrastructure,2460000.0,,SRV009,BU006,VEN009,
CST00496,2024-03,CC209,Outside Services,Infrastructure,2580000.0,,SRV010,BU006,VEN010,
CST00497,2024-03,CC210,Outside Services,Infrastructure,2700000.0,,SRV011,BU006,VEN001,
CST00498,2024-03,CC211,Outside Services,Infrastructure,2820000.0,,SRV012,BU006,VEN002,
CST00499,2024-03,CC212,Outside Services,Infrastructure,2940000.0,,SRV013,BU006,VEN003,
CST00500,2024-03,CC213,Outside Services,Infrastructure,3060000.0,,SRV014,BU006,VEN004,
CST00501,2024-03,CC214,Outside Services,Infrastructure,3180000.0,,SRV015,BU006,VEN005,
CST00502,2024-03,CC215,Outside Services,Infrastructure,3300000.0,,SRV016,BU006,VEN006,
CST00503,2024-03,CC216,Outside Services,Infrastructure,3420000.0,,SRV017,BU006,VEN007,
CST00504,2024-03,CC217,Outside Services,Infrastructure,3540000.0,,SRV018,BU006,VEN008,
CST00505,2024-04,CC101,Software,Software,5625000.0,APP001,SRV012,BU002,VEN002,
CST00506,2024-04,CC101,Internal Labor,People,3750000.0,APP001,SRV012,BU002,,
CST00507,2024-04,CC101,Outside Services,Cloud,3125000.0,APP001,SRV012,BU002,VEN002,
CST00508,2024-04,CC102,Software,Software,1050000.0,APP002,SRV002,BU003,VEN003,
CST00509,2024-04,CC102,Internal Labor,People,700000.0,APP002,SRV002,BU003,,
CST00510,2024-04,CC102,Outside Services,Infrastructure,583333.33,APP002,SRV002,BU003,VEN003,
CST00511,2024-04,CC103,Software,Software,731250.0,APP003,SRV016,BU004,VEN004,
CST00512,2024-04,CC103,Internal Labor,People,487500.0,APP003,SRV016,BU004,,
CST00513,2024-04,CC103,Outside Services,Cloud,406250.0,APP003,SRV016,BU004,VEN004,
CST00514,2024-04,CC104,Software,Software,825000.0,APP004,SRV011,BU005,VEN005,PRJ005
CST00515,2024-04,CC104,Internal Labor,People,550000.0,APP004,SRV011,BU005,,
CST00516,2024-04,CC104,Outside Services,Cloud,458333.33,APP004,SRV011,BU005,VEN005,
CST00517,2024-04,CC105,Software,Software,937500.0,APP005,SRV001,BU006,VEN006,
CST00518,2024-04,CC105,Internal Labor,People,625000.0,APP005,SRV001,BU006,,
CST00519,2024-04,CC105,Outside Services,Infrastructure,520833.33,APP005,SRV001,BU006,VEN006,
CST00520,2024-04,CC106,Software,Software,525000.0,APP006,SRV001,BU007,VEN007,
CST00521,2024-04,CC106,Internal Labor,People,350000.0,APP006,SRV001,BU007,,
CST00522,2024-04,CC106,Outside Services,Infrastructure,291666.67,APP006,SRV001,BU007,VEN007,
CST00523,2024-04,CC107,Software,Software,675000.0,APP007,SRV009,BU008,VEN008,
CST00524,2024-04,CC107,Internal Labor,People,450000.0,APP007,SRV009,BU008,,
CST00525,2024-04,CC107,Outside Services,Infrastructure,375000.0,APP007,SRV009,BU008,VEN008,
CST00526,2024-04,CC108,Software,Software,468750.0,APP008,SRV001,BU009,VEN009,PRJ009
CST00527,2024-04,CC108,Internal Labor,People,312500.0,APP008,SRV001,BU009,,
CST00528,2024-04,CC108,Outside Services,Infrastructure,260416.67,APP008,SRV001,BU009,VEN009,
CST00529,2024-04,CC109,Software,Software,356250.0,APP009,SRV006,BU010,VEN010,
CST00530,2024-04,CC109,Internal Labor,People,237500.0,APP009,SRV006,BU010,,
CST00531,2024-04,CC109,Outside Services,Infrastructure,197916.67,APP009,SRV006,BU010,VEN010,
CST00532,2024-04,CC100,Software,Software,600000.0,APP010,SRV006,BU001,VEN001,
CST00533,2024-04,CC100,Internal Labor,People,400000.0,APP010,SRV006,BU001,,
CST00534,2024-04,CC100,Outside Services,Cloud,333333.33,APP010,SRV006,BU001,VEN001,
CST00535,2024-04,CC101,Software,Software,1162500.0,APP011,SRV007,BU002,VEN002,
CST00536,2024-04,CC101,Internal Labor,People,775000.0,APP011,SRV007,BU002,,
CST00537,2024-04,CC101,Outside Services,Cloud,645833.33,APP011,SRV007,BU002,VEN002,
CST00538,2024-04,CC102,Software,Software,431250.0,APP012,SRV001,BU003,VEN003,PRJ013
CST00539,2024-04,CC102,Internal Labor,People,287500.0,APP012,SRV001,BU003,,
CST00540,2024-04,CC102,Outside Services,Cloud,239583.33,APP012,SRV001,BU003,VEN003,
CST00541,2024-04,CC103,Software,Software,1087500.0,APP013,SRV012,BU004,VEN004,
CST00542,2024-04,CC103,Internal Labor,People,725000.0,APP013,SRV012,BU004,,
CST00543,2024-04,CC103,Outside Services,Cloud,604166.67,APP013,SRV012,BU004,VEN004,
CST00544,2024-04,CC104,Software,Software,1575000.0,APP014,SRV011,BU005,VEN005,
CST00545,2024-04,CC104,Internal Labor,People,1050000.0,APP014,SRV011,BU005,,
CST00546,2024-04,CC104,Outside Services,Cloud,875000.0,APP014,SRV011,BU005,VEN005,
CST00547,2024-04,CC105,Software,Software,787500.0,APP015,SRV018,BU006,VEN006,
CST00548,2024-04,CC105,Internal Labor,People,525000.0,APP015,SRV018,BU006,,
CST00549,2024-04,CC105,Outside Services,Infrastructure,437500.0,APP015,SRV018,BU006,VEN006,
CST00550,2024-04,CC106,Software,Software,581250.0,APP016,SRV018,BU007,VEN007,PRJ017
CST00551,2024-04,CC106,Internal Labor,People,387500.0,APP016,SRV018,BU007,,
CST00552,2024-04,CC106,Outside Services,Cloud,322916.67,APP016,SRV018,BU007,VEN007,
CST00553,2024-04,CC107,Software,Software,318750.0,APP017,SRV002,BU008,VEN008,
CST00554,2024-04,CC107,Internal Labor,People,212500.0,APP017,SRV002,BU008,,
CST00555,2024-04,CC107,Outside Services,Infrastructure,177083.33,APP017,SRV002,BU008,VEN008,
CST00556,2024-04,CC108,Software,Software,367500.0,APP018,SRV001,BU009,VEN009,
CST00557,2024-04,CC108,Internal Labor,People,245000.0,APP018,SRV001,BU009,,
CST00558,2024-04,CC108,Outside Services,Cloud,204166.67,APP018,SRV001,BU009,VEN009,
CST00559,2024-04,CC109,Software,Software,1425000.0,APP019,SRV009,BU010,VEN010,
CST00560,2024-04,CC109,Internal Labor,People,950000.0,APP019,SRV009,BU010,,
CST00561,2024-04,CC109,Outside Services,Infrastructure,791666.67,APP019,SRV009,BU010,VEN010,
CST00562,2024-04,CC100,Software,Software,975000.0,APP020,SRV015,BU001,VEN001,PRJ021
CST00563,2024-04,CC100,Internal Labor,People,650000.0,APP020,SRV015,BU001,,
CST00564,2024-04,CC100,Outside Services,Cloud,541666.67,APP020,SRV015,BU001,VEN001,
CST00565,2024-04,CC101,Software,Software,3150000.0,APP021,SRV007,BU002,VEN002,
CST00566,2024-04,CC101,Internal Labor,People,2100000.0,APP021,SRV007,BU002,,
CST00567,2024-04,CC101,Outside Services,Cloud,1750000.0,APP021,SRV007,BU002,VEN002,
CST00568,2024-04,CC102,Software,Software,900000.0,APP022,SRV009,BU003,VEN003,
CST00569,2024-04,CC102,Internal Labor,People,600000.0,APP022,SRV009,BU003,,
CST00570,2024-04,CC102,Outside Services,Cloud,500000.0,APP022,SRV009,BU003,VEN003,
CST00571,2024-04,CC103,Software,Software,1031250.0,APP023,SRV012,BU004,VEN004,
CST00572,2024-04,CC103,Internal Labor,People,687500.0,APP023,SRV012,BU004,,
CST00573,2024-04,CC103,Outside Services,Cloud,572916.67,APP023,SRV012,BU004,VEN004,
CST00574,2024-04,CC104,Software,Software,712500.0,APP024,SRV002,BU005,VEN005,PRJ025
CST00575,2024-04,CC104,Internal Labor,People,475000.0,APP024,SRV002,BU005,,
CST00576,2024-04,CC104,Outside Services,Infrastructure,395833.33,APP024,SRV002,BU005,VEN005,
CST00577,2024-04,CC105,Software,Software,487500.0,APP025,SRV013,BU006,VEN006,
CST00578,2024-04,CC105,Internal Labor,People,325000.0,APP025,SRV013,BU006,,
CST00579,2024-04,CC105,Outside Services,Cloud,270833.33,APP025,SRV013,BU006,VEN006,
CST00580,2024-04,CC106,Software,Software,292500.0,APP026,SRV001,BU007,VEN007,
CST00581,2024-04,CC106,Internal Labor,People,195000.0,APP026,SRV001,BU007,,
CST00582,2024-04,CC106,Outside Services,Infrastructure,162500.0,APP026,SRV001,BU007,VEN007,
CST00583,2024-04,CC107,Software,Software,345000.0,APP027,SRV004,BU008,VEN008,
CST00584,2024-04,CC107,Internal Labor,People,230000.0,APP027,SRV004,BU008,,
CST00585,2024-04,CC107,Outside Services,Infrastructure,191666.67,APP027,SRV004,BU008,VEN008,
CST00586,2024-04,CC108,Software,Software,243750.0,APP028,SRV014,BU009,VEN009,PRJ029
CST00587,2024-04,CC108,Internal Labor,People,162500.0,APP028,SRV014,BU009,,
CST00588,2024-04,CC108,Outside Services,Infrastructure,135416.67,APP028,SRV014,BU009,VEN009,
CST00589,2024-04,CC109,Software,Software,693750.0,APP029,SRV010,BU010,VEN010,
CST00590,2024-04,CC109,Internal Labor,People,462500.0,APP029,SRV010,BU010,,
CST00591,2024-04,CC109,Outside Services,Cloud,385416.67,APP029,SRV010,BU010,VEN010,
CST00592,2024-04,CC100,Software,Software,843750.0,APP030,SRV009,BU001,VEN001,
CST00593,2024-04,CC100,Internal Labor,People,562500.0,APP030,SRV009,BU001,,
CST00594,2024-04,CC100,Outside Services,Infrastructure,468750.0,APP030,SRV009,BU001,VEN001,
CST00595,2024-04,CC101,Software,Software,217500.0,APP031,SRV008,BU002,VEN002,
CST00596,2024-04,CC101,Internal Labor,People,145000.0,APP031,SRV008,BU002,,
CST00597,2024-04,CC101,Outside Services,Cloud,120833.33,APP031,SRV008,BU002,VEN002,
CST00598,2024-04,CC102,Software,Software,420000.0,APP032,SRV008,BU003,VEN003,PRJ033
CST00599,2024-04,CC102,Internal Labor,People,280000.0,APP032,SRV008,BU003,,
CST00600,2024-04,CC102,Outside Services,Infrastructure,233333.33,APP032,SRV008,BU003,VEN003,
CST00601,2024-04,CC103,Software,Software,356250.0,APP033,SRV008,BU004,VEN004,
CST00602,2024-04,CC103,Internal Labor,People,237500.0,APP033,SRV008,BU004,,
CST00603,2024-04,CC103,Outside Services,Cloud,197916.67,APP033,SRV008,BU004,VEN004,
CST00604,2024-04,CC104,Software,Software,506250.0,APP034,SRV003,BU005,VEN005,
CST00605,2024-04,CC104,Internal Labor,People,337500.0,APP034,SRV003,BU005,,
CST00606,2024-04,CC104,Outside Services,Infrastructure,281250.0,APP034,SRV003,BU005,VEN005,
CST00607,2024-04,CC105,Software,Software,712500.0,APP035,SRV012,BU006,VEN006,
CST00608,2024-04,CC105,Internal Labor,People,475000.0,APP035,SRV012,BU006,,
CST00609,2024-04,CC105,Outside Services,Cloud,395833.33,APP035,SRV012,BU006,VEN006,
CST00610,2024-04,CC106,Software,Software,618750.0,APP036,SRV011,BU007,VEN007,PRJ037
CST00611,2024-04,CC106,Internal Labor,People,412500.0,APP036,SRV011,BU007,,
CST00612,2024-04,CC106,Outside Services,Infrastructure,343750.0,APP036,SRV011,BU007,VEN007,
CST00613,2024-04,CC107,Software,Software,532500.0,APP037,SRV004,BU008,VEN008,
CST00614,2024-04,CC107,Internal Labor,People,355000.0,APP037,SRV004,BU008,,
CST00615,2024-04,CC107,Outside Services,Infrastructure,295833.33,APP037,SRV004,BU008,VEN008,
CST00616,2024-04,CC108,Software,Software,255000.0,APP038,SRV007,BU009,VEN009,
CST00617,2024-04,CC108,Internal Labor,People,170000.0,APP038,SRV007,BU009,,
CST00618,2024-04,CC108,Outside Services,Infrastructure,141666.67,APP038,SRV007,BU009,VEN009,
CST00619,2024-04,CC109,Software,Software,1275000.0,APP039,SRV007,BU010,VEN010,
CST00620,2024-04,CC109,Internal Labor,People,850000.0,APP039,SRV007,BU010,,
CST00621,2024-04,CC109,Outside Services,Cloud,708333.33,APP039,SRV007,BU010,VEN010,
CST00622,2024-04,CC100,Software,Software,333750.0,APP040,SRV010,BU001,VEN001,PRJ001
CST00623,2024-04,CC100,Internal Labor,People,222500.0,APP040,SRV010,BU001,,
CST00624,2024-04,CC100,Outside Services,Cloud,185416.67,APP040,SRV010,BU001,VEN001,
CST00625,2024-04,CC101,Software,Software,862500.0,APP041,SRV018,BU002,VEN002,
CST00626,2024-04,CC101,Internal Labor,People,575000.0,APP041,SRV018,BU002,,
CST00627,2024-04,CC101,Outside Services,Infrastructure,479166.67,APP041,SRV018,BU002,VEN002,
CST00628,2024-04,CC102,Software,Software,191250.0,APP042,SRV014,BU003,VEN003,
CST00629,2024-04,CC102,Internal Labor,People,127500.0,APP042,SRV014,BU003,,
CST00630,2024-04,CC102,Outside Services,Infrastructure,106250.0,APP042,SRV014,BU003,VEN003,
CST00631,2024-04,CC103,Software,Software,157500.0,APP043,SRV001,BU004,VEN004,
CST00632,2024-04,CC103,Internal Labor,People,105000.0,APP043,SRV001,BU004,,
CST00633,2024-04,CC103,Outside Services,Infrastructure,87500.0,APP043,SRV001,BU004,VEN004,
CST00634,2024-04,CC104,Software,Software,142500.0,APP044,SRV004,BU005,VEN005,PRJ005
CST00635,2024-04,CC104,Internal Labor,People,95000.0,APP044,SRV004,BU005,,
CST00636,2024-04,CC104,Outside Services,Infrastructure,79166.67,APP044,SRV004,BU005,VEN005,
CST00637,2024-04,CC105,Software,Software,382500.0,APP045,SRV009,BU006,VEN006,
CST00638,2024-04,CC105,Internal Labor,People,255000.0,APP045,SRV009,BU006,,
CST00639,2024-04,CC105,Outside Services,Infrastructure,212500.0,APP045,SRV009,BU006,VEN006,
CST00640,2024-04,CC106,Software,Software,183750.0,APP046,SRV009,BU007,VEN007,
CST00641,2024-04,CC106,Internal Labor,People,122500.0,APP046,SRV009,BU007,,
CST00642,2024-04,CC106,Outside Services,Cloud,102083.33,APP046,SRV009,BU007,VEN007,
CST00643,2024-04,CC107,Software,Software,270000.0,APP047,SRV003,BU008,VEN008,
CST00644,2024-04,CC107,Internal Labor,People,180000.0,APP047,SRV003,BU008,,
CST00645,2024-04,CC107,Outside Services,Cloud,150000.0,APP047,SRV003,BU008,VEN008,
CST00646,2024-04,CC108,Software,Software,116250.0,APP048,SRV014,BU009,VEN009,PRJ009
CST00647,2024-04,CC108,Internal Labor,People,77500.0,APP048,SRV014,BU009,,
CST00648,2024-04,CC108,Outside Services,Infrastructure,64583.33,APP048,SRV014,BU009,VEN009,
CST00649,2024-04,CC109,Software,Software,918750.0,APP049,SRV015,BU010,VEN010,
CST00650,2024-04,CC109,Internal Labor,People,612500.0,APP049,SRV015,BU010,,
CST00651,2024-04,CC109,Outside Services,Infrastructure,510416.67,APP049,SRV015,BU010,VEN010,
CST00652,2024-04,CC100,Software,Software,480000.0,APP050,SRV015,BU001,VEN001,
CST00653,2024-04,CC100,Internal Labor,People,320000.0,APP050,SRV015,BU001,,
CST00654,2024-04,CC100,Outside Services,Infrastructure,266666.67,APP050,SRV015,BU001,VEN001,
CST00655,2024-04,CC200,Outside Services,Infrastructure,1500000.0,,SRV001,BU006,VEN001,
CST00656,2024-04,CC201,Outside Services,Infrastructure,1620000.0,,SRV002,BU006,VEN002,
CST00657,2024-04,CC202,Outside Services,Infrastructure,1740000.0,,SRV003,BU006,VEN003,
CST00658,2024-04,CC203,Outside Services,Infrastructure,1860000.0,,SRV004,BU006,VEN004,
CST00659,2024-04,CC204,Outside Services,Infrastructure,1980000.0,,SRV005,BU006,VEN005,
CST00660,2024-04,CC205,Outside Services,Infrastructure,2100000.0,,SRV006,BU006,VEN006,
CST00661,2024-04,CC206,Outside Services,Infrastructure,2220000.0,,SRV007,BU006,VEN007,
CST00662,2024-04,CC207,Outside Services,Infrastructure,2340000.0,,SRV008,BU006,VEN008,
CST00663,2024-04,CC208,Outside Services,Infrastructure,2460000.0,,SRV009,BU006,VEN009,
CST00664,2024-04,CC209,Outside Services,Infrastructure,2580000.0,,SRV010,BU006,VEN010,
CST00665,2024-04,CC210,Outside Services,Infrastructure,2700000.0,,SRV011,BU006,VEN001,
CST00666,2024-04,CC211,Outside Services,Infrastructure,2820000.0,,SRV012,BU006,VEN002,
CST00667,2024-04,CC212,Outside Services,Infrastructure,2940000.0,,SRV013,BU006,VEN003,
CST00668,2024-04,CC213,Outside Services,Infrastructure,3060000.0,,SRV014,BU006,VEN004,
CST00669,2024-04,CC214,Outside Services,Infrastructure,3180000.0,,SRV015,BU006,VEN005,
CST00670,2024-04,CC215,Outside Services,Infrastructure,3300000.0,,SRV016,BU006,VEN006,
CST00671,2024-04,CC216,Outside Services,Infrastructure,3420000.0,,SRV017,BU006,VEN007,
CST00672,2024-04,CC217,Outside Services,Infrastructure,3540000.0,,SRV018,BU006,VEN008,
CST00673,2024-05,CC101,Software,Software,5625000.0,APP001,SRV012,BU002,VEN002,
CST00674,2024-05,CC101,Internal Labor,People,3750000.0,APP001,SRV012,BU002,,
CST00675,2024-05,CC101,Outside Services,Cloud,3125000.0,APP001,SRV012,BU002,VEN002,
CST00676,2024-05,CC102,Software,Software,1050000.0,APP002,SRV002,BU003,VEN003,
CST00677,2024-05,CC102,Internal Labor,People,700000.0,APP002,SRV002,BU003,,
CST00678,2024-05,CC102,Outside Services,Infrastructure,583333.33,APP002,SRV002,BU003,VEN003,
CST00679,2024-05,CC103,Software,Software,731250.0,APP003,SRV016,BU004,VEN004,
CST00680,2024-05,CC103,Internal Labor,People,487500.0,APP003,SRV016,BU004,,
CST00681,2024-05,CC103,Outside Services,Cloud,406250.0,APP003,SRV016,BU004,VEN004,
CST00682,2024-05,CC104,Software,Software,825000.0,APP004,SRV011,BU005,VEN005,PRJ005
CST00683,2024-05,CC104,Internal Labor,People,550000.0,APP004,SRV011,BU005,,
CST00684,2024-05,CC104,Outside Services,Cloud,458333.33,APP004,SRV011,BU005,VEN005,
CST00685,2024-05,CC105,Software,Software,937500.0,APP005,SRV001,BU006,VEN006,
CST00686,2024-05,CC105,Internal Labor,People,625000.0,APP005,SRV001,BU006,,
CST00687,2024-05,CC105,Outside Services,Infrastructure,520833.33,APP005,SRV001,BU006,VEN006,
CST00688,2024-05,CC106,Software,Software,525000.0,APP006,SRV001,BU007,VEN007,
CST00689,2024-05,CC106,Internal Labor,People,350000.0,APP006,SRV001,BU007,,
CST00690,2024-05,CC106,Outside Services,Infrastructure,291666.67,APP006,SRV001,BU007,VEN007,
CST00691,2024-05,CC107,Software,Software,675000.0,APP007,SRV009,BU008,VEN008,
CST00692,2024-05,CC107,Internal Labor,People,450000.0,APP007,SRV009,BU008,,
CST00693,2024-05,CC107,Outside Services,Infrastructure,375000.0,APP007,SRV009,BU008,VEN008,
CST00694,2024-05,CC108,Software,Software,468750.0,APP008,SRV001,BU009,VEN009,PRJ009
CST00695,2024-05,CC108,Internal Labor,People,312500.0,APP008,SRV001,BU009,,
CST00696,2024-05,CC108,Outside Services,Infrastructure,260416.67,APP008,SRV001,BU009,VEN009,
CST00697,2024-05,CC109,Software,Software,356250.0,APP009,SRV006,BU010,VEN010,
CST00698,2024-05,CC109,Internal Labor,People,237500.0,APP009,SRV006,BU010,,
CST00699,2024-05,CC109,Outside Services,Infrastructure,197916.67,APP009,SRV006,BU010,VEN010,
CST00700,2024-05,CC100,Software,Software,600000.0,APP010,SRV006,BU001,VEN001,
CST00701,2024-05,CC100,Internal Labor,People,400000.0,APP010,SRV006,BU001,,
CST00702,2024-05,CC100,Outside Services,Cloud,333333.33,APP010,SRV006,BU001,VEN001,
CST00703,2024-05,CC101,Software,Software,1162500.0,APP011,SRV007,BU002,VEN002,
CST00704,2024-05,CC101,Internal Labor,People,775000.0,APP011,SRV007,BU002,,
CST00705,2024-05,CC101,Outside Services,Cloud,645833.33,APP011,SRV007,BU002,VEN002,
CST00706,2024-05,CC102,Software,Software,431250.0,APP012,SRV001,BU003,VEN003,PRJ013
CST00707,2024-05,CC102,Internal Labor,People,287500.0,APP012,SRV001,BU003,,
CST00708,2024-05,CC102,Outside Services,Cloud,239583.33,APP012,SRV001,BU003,VEN003,
CST00709,2024-05,CC103,Software,Software,1087500.0,APP013,SRV012,BU004,VEN004,
CST00710,2024-05,CC103,Internal Labor,People,725000.0,APP013,SRV012,BU004,,
CST00711,2024-05,CC103,Outside Services,Cloud,604166.67,APP013,SRV012,BU004,VEN004,
CST00712,2024-05,CC104,Software,Software,1575000.0,APP014,SRV011,BU005,VEN005,
CST00713,2024-05,CC104,Internal Labor,People,1050000.0,APP014,SRV011,BU005,,
CST00714,2024-05,CC104,Outside Services,Cloud,875000.0,APP014,SRV011,BU005,VEN005,
CST00715,2024-05,CC105,Software,Software,787500.0,APP015,SRV018,BU006,VEN006,
CST00716,2024-05,CC105,Internal Labor,People,525000.0,APP015,SRV018,BU006,,
CST00717,2024-05,CC105,Outside Services,Infrastructure,437500.0,APP015,SRV018,BU006,VEN006,
CST00718,2024-05,CC106,Software,Software,581250.0,APP016,SRV018,BU007,VEN007,PRJ017
CST00719,2024-05,CC106,Internal Labor,People,387500.0,APP016,SRV018,BU007,,
CST00720,2024-05,CC106,Outside Services,Cloud,322916.67,APP016,SRV018,BU007,VEN007,
CST00721,2024-05,CC107,Software,Software,318750.0,APP017,SRV002,BU008,VEN008,
CST00722,2024-05,CC107,Internal Labor,People,212500.0,APP017,SRV002,BU008,,
CST00723,2024-05,CC107,Outside Services,Infrastructure,177083.33,APP017,SRV002,BU008,VEN008,
CST00724,2024-05,CC108,Software,Software,367500.0,APP018,SRV001,BU009,VEN009,
CST00725,2024-05,CC108,Internal Labor,People,245000.0,APP018,SRV001,BU009,,
CST00726,2024-05,CC108,Outside Services,Cloud,204166.67,APP018,SRV001,BU009,VEN009,
CST00727,2024-05,CC109,Software,Software,1425000.0,APP019,SRV009,BU010,VEN010,
CST00728,2024-05,CC109,Internal Labor,People,950000.0,APP019,SRV009,BU010,,
CST00729,2024-05,CC109,Outside Services,Infrastructure,791666.67,APP019,SRV009,BU010,VEN010,
CST00730,2024-05,CC100,Software,Software,975000.0,APP020,SRV015,BU001,VEN001,PRJ021
CST00731,2024-05,CC100,Internal Labor,People,650000.0,APP020,SRV015,BU001,,
CST00732,2024-05,CC100,Outside Services,Cloud,541666.67,APP020,SRV015,BU001,VEN001,
CST00733,2024-05,CC101,Software,Software,3150000.0,APP021,SRV007,BU002,VEN002,
CST00734,2024-05,CC101,Internal Labor,People,2100000.0,APP021,SRV007,BU002,,
CST00735,2024-05,CC101,Outside Services,Cloud,1750000.0,APP021,SRV007,BU002,VEN002,
CST00736,2024-05,CC102,Software,Software,900000.0,APP022,SRV009,BU003,VEN003,
CST00737,2024-05,CC102,Internal Labor,People,600000.0,APP022,SRV009,BU003,,
CST00738,2024-05,CC102,Outside Services,Cloud,500000.0,APP022,SRV009,BU003,VEN003,
CST00739,2024-05,CC103,Software,Software,1031250.0,APP023,SRV012,BU004,VEN004,
CST00740,2024-05,CC103,Internal Labor,People,687500.0,APP023,SRV012,BU004,,
CST00741,2024-05,CC103,Outside Services,Cloud,572916.67,APP023,SRV012,BU004,VEN004,
CST00742,2024-05,CC104,Software,Software,712500.0,APP024,SRV002,BU005,VEN005,PRJ025
CST00743,2024-05,CC104,Internal Labor,People,475000.0,APP024,SRV002,BU005,,
CST00744,2024-05,CC104,Outside Services,Infrastructure,395833.33,APP024,SRV002,BU005,VEN005,
CST00745,2024-05,CC105,Software,Software,487500.0,APP025,SRV013,BU006,VEN006,
CST00746,2024-05,CC105,Internal Labor,People,325000.0,APP025,SRV013,BU006,,
CST00747,2024-05,CC105,Outside Services,Cloud,270833.33,APP025,SRV013,BU006,VEN006,
CST00748,2024-05,CC106,Software,Software,292500.0,APP026,SRV001,BU007,VEN007,
CST00749,2024-05,CC106,Internal Labor,People,195000.0,APP026,SRV001,BU007,,
CST00750,2024-05,CC106,Outside Services,Infrastructure,162500.0,APP026,SRV001,BU007,VEN007,
CST00751,2024-05,CC107,Software,Software,345000.0,APP027,SRV004,BU008,VEN008,
CST00752,2024-05,CC107,Internal Labor,People,230000.0,APP027,SRV004,BU008,,
CST00753,2024-05,CC107,Outside Services,Infrastructure,191666.67,APP027,SRV004,BU008,VEN008,
CST00754,2024-05,CC108,Software,Software,243750.0,APP028,SRV014,BU009,VEN009,PRJ029
CST00755,2024-05,CC108,Internal Labor,People,162500.0,APP028,SRV014,BU009,,
CST00756,2024-05,CC108,Outside Services,Infrastructure,135416.67,APP028,SRV014,BU009,VEN009,
CST00757,2024-05,CC109,Software,Software,693750.0,APP029,SRV010,BU010,VEN010,
CST00758,2024-05,CC109,Internal Labor,People,462500.0,APP029,SRV010,BU010,,
CST00759,2024-05,CC109,Outside Services,Cloud,385416.67,APP029,SRV010,BU010,VEN010,
CST00760,2024-05,CC100,Software,Software,843750.0,APP030,SRV009,BU001,VEN001,
CST00761,2024-05,CC100,Internal Labor,People,562500.0,APP030,SRV009,BU001,,
CST00762,2024-05,CC100,Outside Services,Infrastructure,468750.0,APP030,SRV009,BU001,VEN001,
CST00763,2024-05,CC101,Software,Software,217500.0,APP031,SRV008,BU002,VEN002,
CST00764,2024-05,CC101,Internal Labor,People,145000.0,APP031,SRV008,BU002,,
CST00765,2024-05,CC101,Outside Services,Cloud,120833.33,APP031,SRV008,BU002,VEN002,
CST00766,2024-05,CC102,Software,Software,420000.0,APP032,SRV008,BU003,VEN003,PRJ033
CST00767,2024-05,CC102,Internal Labor,People,280000.0,APP032,SRV008,BU003,,
CST00768,2024-05,CC102,Outside Services,Infrastructure,233333.33,APP032,SRV008,BU003,VEN003,
CST00769,2024-05,CC103,Software,Software,356250.0,APP033,SRV008,BU004,VEN004,
CST00770,2024-05,CC103,Internal Labor,People,237500.0,APP033,SRV008,BU004,,
CST00771,2024-05,CC103,Outside Services,Cloud,197916.67,APP033,SRV008,BU004,VEN004,
CST00772,2024-05,CC104,Software,Software,506250.0,APP034,SRV003,BU005,VEN005,
CST00773,2024-05,CC104,Internal Labor,People,337500.0,APP034,SRV003,BU005,,
CST00774,2024-05,CC104,Outside Services,Infrastructure,281250.0,APP034,SRV003,BU005,VEN005,
CST00775,2024-05,CC105,Software,Software,712500.0,APP035,SRV012,BU006,VEN006,
CST00776,2024-05,CC105,Internal Labor,People,475000.0,APP035,SRV012,BU006,,
CST00777,2024-05,CC105,Outside Services,Cloud,395833.33,APP035,SRV012,BU006,VEN006,
CST00778,2024-05,CC106,Software,Software,618750.0,APP036,SRV011,BU007,VEN007,PRJ037
CST00779,2024-05,CC106,Internal Labor,People,412500.0,APP036,SRV011,BU007,,
CST00780,2024-05,CC106,Outside Services,Infrastructure,343750.0,APP036,SRV011,BU007,VEN007,
CST00781,2024-05,CC107,Software,Software,532500.0,APP037,SRV004,BU008,VEN008,
CST00782,2024-05,CC107,Internal Labor,People,355000.0,APP037,SRV004,BU008,,
CST00783,2024-05,CC107,Outside Services,Infrastructure,295833.33,APP037,SRV004,BU008,VEN008,
CST00784,2024-05,CC108,Software,Software,255000.0,APP038,SRV007,BU009,VEN009,
CST00785,2024-05,CC108,Internal Labor,People,170000.0,APP038,SRV007,BU009,,
CST00786,2024-05,CC108,Outside Services,Infrastructure,141666.67,APP038,SRV007,BU009,VEN009,
CST00787,2024-05,CC109,Software,Software,1275000.0,APP039,SRV007,BU010,VEN010,
CST00788,2024-05,CC109,Internal Labor,People,850000.0,APP039,SRV007,BU010,,
CST00789,2024-05,CC109,Outside Services,Cloud,708333.33,APP039,SRV007,BU010,VEN010,
CST00790,2024-05,CC100,Software,Software,333750.0,APP040,SRV010,BU001,VEN001,PRJ001
CST00791,2024-05,CC100,Internal Labor,People,222500.0,APP040,SRV010,BU001,,
CST00792,2024-05,CC100,Outside Services,Cloud,185416.67,APP040,SRV010,BU001,VEN001,
CST00793,2024-05,CC101,Software,Software,862500.0,APP041,SRV018,BU002,VEN002,
CST00794,2024-05,CC101,Internal Labor,People,575000.0,APP041,SRV018,BU002,,
CST00795,2024-05,CC101,Outside Services,Infrastructure,479166.67,APP041,SRV018,BU002,VEN002,
CST00796,2024-05,CC102,Software,Software,191250.0,APP042,SRV014,BU003,VEN003,
CST00797,2024-05,CC102,Internal Labor,People,127500.0,APP042,SRV014,BU003,,
CST00798,2024-05,CC102,Outside Services,Infrastructure,106250.0,APP042,SRV014,BU003,VEN003,
CST00799,2024-05,CC103,Software,Software,157500.0,APP043,SRV001,BU004,VEN004,
CST00800,2024-05,CC103,Internal Labor,People,105000.0,APP043,SRV001,BU004,,
CST00801,2024-05,CC103,Outside Services,Infrastructure,87500.0,APP043,SRV001,BU004,VEN004,
CST00802,2024-05,CC104,Software,Software,142500.0,APP044,SRV004,BU005,VEN005,PRJ005
CST00803,2024-05,CC104,Internal Labor,People,95000.0,APP044,SRV004,BU005,,
CST00804,2024-05,CC104,Outside Services,Infrastructure,79166.67,APP044,SRV004,BU005,VEN005,
CST00805,2024-05,CC105,Software,Software,382500.0,APP045,SRV009,BU006,VEN006,
CST00806,2024-05,CC105,Internal Labor,People,255000.0,APP045,SRV009,BU006,,
CST00807,2024-05,CC105,Outside Services,Infrastructure,212500.0,APP045,SRV009,BU006,VEN006,
CST00808,2024-05,CC106,Software,Software,183750.0,APP046,SRV009,BU007,VEN007,
CST00809,2024-05,CC106,Internal Labor,People,122500.0,APP046,SRV009,BU007,,
CST00810,2024-05,CC106,Outside Services,Cloud,102083.33,APP046,SRV009,BU007,VEN007,
CST00811,2024-05,CC107,Software,Software,270000.0,APP047,SRV003,BU008,VEN008,
CST00812,2024-05,CC107,Internal Labor,People,180000.0,APP047,SRV003,BU008,,
CST00813,2024-05,CC107,Outside Services,Cloud,150000.0,APP047,SRV003,BU008,VEN008,
CST00814,2024-05,CC108,Software,Software,116250.0,APP048,SRV014,BU009,VEN009,PRJ009
CST00815,2024-05,CC108,Internal Labor,People,77500.0,APP048,SRV014,BU009,,
CST00816,2024-05,CC108,Outside Services,Infrastructure,64583.33,APP048,SRV014,BU009,VEN009,
CST00817,2024-05,CC109,Software,Software,918750.0,APP049,SRV015,BU010,VEN010,
CST00818,2024-05,CC109,Internal Labor,People,612500.0,APP049,SRV015,BU010,,
CST00819,2024-05,CC109,Outside Services,Infrastructure,510416.67,APP049,SRV015,BU010,VEN010,
CST00820,2024-05,CC100,Software,Software,480000.0,APP050,SRV015,BU001,VEN001,
CST00821,2024-05,CC100,Internal Labor,People,320000.0,APP050,SRV015,BU001,,
CST00822,2024-05,CC100,Outside Services,Infrastructure,266666.67,APP050,SRV015,BU001,VEN001,
CST00823,2024-05,CC200,Outside Services,Infrastructure,1500000.0,,SRV001,BU006,VEN001,
CST00824,2024-05,CC201,Outside Services,Infrastructure,1620000.0,,SRV002,BU006,VEN002,
CST00825,2024-05,CC202,Outside Services,Infrastructure,1740000.0,,SRV003,BU006,VEN003,
CST00826,2024-05,CC203,Outside Services,Infrastructure,1860000.0,,SRV004,BU006,VEN004,
CST00827,2024-05,CC204,Outside Services,Infrastructure,1980000.0,,SRV005,BU006,VEN005,
CST00828,2024-05,CC205,Outside Services,Infrastructure,2100000.0,,SRV006,BU006,VEN006,
CST00829,2024-05,CC206,Outside Services,Infrastructure,2220000.0,,SRV007,BU006,VEN007,
CST00830,2024-05,CC207,Outside Services,Infrastructure,2340000.0,,SRV008,BU006,VEN008,
CST00831,2024-05,CC208,Outside Services,Infrastructure,2460000.0,,SRV009,BU006,VEN009,
CST00832,2024-05,CC209,Outside Services,Infrastructure,2580000.0,,SRV010,BU006,VEN010,
CST00833,2024-05,CC210,Outside Services,Infrastructure,2700000.0,,SRV011,BU006,VEN001,
CST00834,2024-05,CC211,Outside Services,Infrastructure,2820000.0,,SRV012,BU006,VEN002,
CST00835,2024-05,CC212,Outside Services,Infrastructure,2940000.0,,SRV013,BU006,VEN003,
CST00836,2024-05,CC213,Outside Services,Infrastructure,3060000.0,,SRV014,BU006,VEN004,
CST00837,2024-05,CC214,Outside Services,Infrastructure,3180000.0,,SRV015,BU006,VEN005,
CST00838,2024-05,CC215,Outside Services,Infrastructure,3300000.0,,SRV016,BU006,VEN006,
CST00839,2024-05,CC216,Outside Services,Infrastructure,3420000.0,,SRV017,BU006,VEN007,
CST00840,2024-05,CC217,Outside Services,Infrastructure,3540000.0,,SRV018,BU006,VEN008,
CST00841,2024-06,CC101,Software,Software,5625000.0,APP001,SRV012,BU002,VEN002,
CST00842,2024-06,CC101,Internal Labor,People,3750000.0,APP001,SRV012,BU002,,
CST00843,2024-06,CC101,Outside Services,Cloud,3125000.0,APP001,SRV012,BU002,VEN002,
CST00844,2024-06,CC102,Software,Software,1050000.0,APP002,SRV002,BU003,VEN003,
CST00845,2024-06,CC102,Internal Labor,People,700000.0,APP002,SRV002,BU003,,
CST00846,2024-06,CC102,Outside Services,Infrastructure,583333.33,APP002,SRV002,BU003,VEN003,
CST00847,2024-06,CC103,Software,Software,731250.0,APP003,SRV016,BU004,VEN004,
CST00848,2024-06,CC103,Internal Labor,People,487500.0,APP003,SRV016,BU004,,
CST00849,2024-06,CC103,Outside Services,Cloud,406250.0,APP003,SRV016,BU004,VEN004,
CST00850,2024-06,CC104,Software,Software,825000.0,APP004,SRV011,BU005,VEN005,PRJ005
CST00851,2024-06,CC104,Internal Labor,People,550000.0,APP004,SRV011,BU005,,
CST00852,2024-06,CC104,Outside Services,Cloud,458333.33,APP004,SRV011,BU005,VEN005,
CST00853,2024-06,CC105,Software,Software,937500.0,APP005,SRV001,BU006,VEN006,
CST00854,2024-06,CC105,Internal Labor,People,625000.0,APP005,SRV001,BU006,,
CST00855,2024-06,CC105,Outside Services,Infrastructure,520833.33,APP005,SRV001,BU006,VEN006,
CST00856,2024-06,CC106,Software,Software,525000.0,APP006,SRV001,BU007,VEN007,
CST00857,2024-06,CC106,Internal Labor,People,350000.0,APP006,SRV001,BU007,,
CST00858,2024-06,CC106,Outside Services,Infrastructure,291666.67,APP006,SRV001,BU007,VEN007,
CST00859,2024-06,CC107,Software,Software,675000.0,APP007,SRV009,BU008,VEN008,
CST00860,2024-06,CC107,Internal Labor,People,450000.0,APP007,SRV009,BU008,,
CST00861,2024-06,CC107,Outside Services,Infrastructure,375000.0,APP007,SRV009,BU008,VEN008,
CST00862,2024-06,CC108,Software,Software,468750.0,APP008,SRV001,BU009,VEN009,PRJ009
CST00863,2024-06,CC108,Internal Labor,People,312500.0,APP008,SRV001,BU009,,
CST00864,2024-06,CC108,Outside Services,Infrastructure,260416.67,APP008,SRV001,BU009,VEN009,
CST00865,2024-06,CC109,Software,Software,356250.0,APP009,SRV006,BU010,VEN010,
CST00866,2024-06,CC109,Internal Labor,People,237500.0,APP009,SRV006,BU010,,
CST00867,2024-06,CC109,Outside Services,Infrastructure,197916.67,APP009,SRV006,BU010,VEN010,
CST00868,2024-06,CC100,Software,Software,600000.0,APP010,SRV006,BU001,VEN001,
CST00869,2024-06,CC100,Internal Labor,People,400000.0,APP010,SRV006,BU001,,
CST00870,2024-06,CC100,Outside Services,Cloud,333333.33,APP010,SRV006,BU001,VEN001,
CST00871,2024-06,CC101,Software,Software,1162500.0,APP011,SRV007,BU002,VEN002,
CST00872,2024-06,CC101,Internal Labor,People,775000.0,APP011,SRV007,BU002,,
CST00873,2024-06,CC101,Outside Services,Cloud,645833.33,APP011,SRV007,BU002,VEN002,
CST00874,2024-06,CC102,Software,Software,431250.0,APP012,SRV001,BU003,VEN003,PRJ013
CST00875,2024-06,CC102,Internal Labor,People,287500.0,APP012,SRV001,BU003,,
CST00876,2024-06,CC102,Outside Services,Cloud,239583.33,APP012,SRV001,BU003,VEN003,
CST00877,2024-06,CC103,Software,Software,1087500.0,APP013,SRV012,BU004,VEN004,
CST00878,2024-06,CC103,Internal Labor,People,725000.0,APP013,SRV012,BU004,,
CST00879,2024-06,CC103,Outside Services,Cloud,604166.67,APP013,SRV012,BU004,VEN004,
CST00880,2024-06,CC104,Software,Software,1575000.0,APP014,SRV011,BU005,VEN005,
CST00881,2024-06,CC104,Internal Labor,People,1050000.0,APP014,SRV011,BU005,,
CST00882,2024-06,CC104,Outside Services,Cloud,875000.0,APP014,SRV011,BU005,VEN005,
CST00883,2024-06,CC105,Software,Software,787500.0,APP015,SRV018,BU006,VEN006,
CST00884,2024-06,CC105,Internal Labor,People,525000.0,APP015,SRV018,BU006,,
CST00885,2024-06,CC105,Outside Services,Infrastructure,437500.0,APP015,SRV018,BU006,VEN006,
CST00886,2024-06,CC106,Software,Software,581250.0,APP016,SRV018,BU007,VEN007,PRJ017
CST00887,2024-06,CC106,Internal Labor,People,387500.0,APP016,SRV018,BU007,,
CST00888,2024-06,CC106,Outside Services,Cloud,322916.67,APP016,SRV018,BU007,VEN007,
CST00889,2024-06,CC107,Software,Software,318750.0,APP017,SRV002,BU008,VEN008,
CST00890,2024-06,CC107,Internal Labor,People,212500.0,APP017,SRV002,BU008,,
CST00891,2024-06,CC107,Outside Services,Infrastructure,177083.33,APP017,SRV002,BU008,VEN008,
CST00892,2024-06,CC108,Software,Software,367500.0,APP018,SRV001,BU009,VEN009,
CST00893,2024-06,CC108,Internal Labor,People,245000.0,APP018,SRV001,BU009,,
CST00894,2024-06,CC108,Outside Services,Cloud,204166.67,APP018,SRV001,BU009,VEN009,
CST00895,2024-06,CC109,Software,Software,1425000.0,APP019,SRV009,BU010,VEN010,
CST00896,2024-06,CC109,Internal Labor,People,950000.0,APP019,SRV009,BU010,,
CST00897,2024-06,CC109,Outside Services,Infrastructure,791666.67,APP019,SRV009,BU010,VEN010,
CST00898,2024-06,CC100,Software,Software,975000.0,APP020,SRV015,BU001,VEN001,PRJ021
CST00899,2024-06,CC100,Internal Labor,People,650000.0,APP020,SRV015,BU001,,
CST00900,2024-06,CC100,Outside Services,Cloud,541666.67,APP020,SRV015,BU001,VEN001,
CST00901,2024-06,CC101,Software,Software,3150000.0,APP021,SRV007,BU002,VEN002,
CST00902,2024-06,CC101,Internal Labor,People,2100000.0,APP021,SRV007,BU002,,
CST00903,2024-06,CC101,Outside Services,Cloud,1750000.0,APP021,SRV007,BU002,VEN002,
CST00904,2024-06,CC102,Software,Software,900000.0,APP022,SRV009,BU003,VEN003,
CST00905,2024-06,CC102,Internal Labor,People,600000.0,APP022,SRV009,BU003,,
CST00906,2024-06,CC102,Outside Services,Cloud,500000.0,APP022,SRV009,BU003,VEN003,
CST00907,2024-06,CC103,Software,Software,1031250.0,APP023,SRV012,BU004,VEN004,
CST00908,2024-06,CC103,Internal Labor,People,687500.0,APP023,SRV012,BU004,,
CST00909,2024-06,CC103,Outside Services,Cloud,572916.67,APP023,SRV012,BU004,VEN004,
CST00910,2024-06,CC104,Software,Software,712500.0,APP024,SRV002,BU005,VEN005,PRJ025
CST00911,2024-06,CC104,Internal Labor,People,475000.0,APP024,SRV002,BU005,,
CST00912,2024-06,CC104,Outside Services,Infrastructure,395833.33,APP024,SRV002,BU005,VEN005,
CST00913,2024-06,CC105,Software,Software,487500.0,APP025,SRV013,BU006,VEN006,
CST00914,2024-06,CC105,Internal Labor,People,325000.0,APP025,SRV013,BU006,,
CST00915,2024-06,CC105,Outside Services,Cloud,270833.33,APP025,SRV013,BU006,VEN006,
CST00916,2024-06,CC106,Software,Software,292500.0,APP026,SRV001,BU007,VEN007,
CST00917,2024-06,CC106,Internal Labor,People,195000.0,APP026,SRV001,BU007,,
CST00918,2024-06,CC106,Outside Services,Infrastructure,162500.0,APP026,SRV001,BU007,VEN007,
CST00919,2024-06,CC107,Software,Software,345000.0,APP027,SRV004,BU008,VEN008,
CST00920,2024-06,CC107,Internal Labor,People,230000.0,APP027,SRV004,BU008,,
CST00921,2024-06,CC107,Outside Services,Infrastructure,191666.67,APP027,SRV004,BU008,VEN008,
CST00922,2024-06,CC108,Software,Software,243750.0,APP028,SRV014,BU009,VEN009,PRJ029
CST00923,2024-06,CC108,Internal Labor,People,162500.0,APP028,SRV014,BU009,,
CST00924,2024-06,CC108,Outside Services,Infrastructure,135416.67,APP028,SRV014,BU009,VEN009,
CST00925,2024-06,CC109,Software,Software,693750.0,APP029,SRV010,BU010,VEN010,
CST00926,2024-06,CC109,Internal Labor,People,462500.0,APP029,SRV010,BU010,,
CST00927,2024-06,CC109,Outside Services,Cloud,385416.67,APP029,SRV010,BU010,VEN010,
CST00928,2024-06,CC100,Software,Software,843750.0,APP030,SRV009,BU001,VEN001,
CST00929,2024-06,CC100,Internal Labor,People,562500.0,APP030,SRV009,BU001,,
CST00930,2024-06,CC100,Outside Services,Infrastructure,468750.0,APP030,SRV009,BU001,VEN001,
CST00931,2024-06,CC101,Software,Software,217500.0,APP031,SRV008,BU002,VEN002,
CST00932,2024-06,CC101,Internal Labor,People,145000.0,APP031,SRV008,BU002,,
CST00933,2024-06,CC101,Outside Services,Cloud,120833.33,APP031,SRV008,BU002,VEN002,
CST00934,2024-06,CC102,Software,Software,420000.0,APP032,SRV008,BU003,VEN003,PRJ033
CST00935,2024-06,CC102,Internal Labor,People,280000.0,APP032,SRV008,BU003,,
CST00936,2024-06,CC102,Outside Services,Infrastructure,233333.33,APP032,SRV008,BU003,VEN003,
CST00937,2024-06,CC103,Software,Software,356250.0,APP033,SRV008,BU004,VEN004,
CST00938,2024-06,CC103,Internal Labor,People,237500.0,APP033,SRV008,BU004,,
CST00939,2024-06,CC103,Outside Services,Cloud,197916.67,APP033,SRV008,BU004,VEN004,
CST00940,2024-06,CC104,Software,Software,506250.0,APP034,SRV003,BU005,VEN005,
CST00941,2024-06,CC104,Internal Labor,People,337500.0,APP034,SRV003,BU005,,
CST00942,2024-06,CC104,Outside Services,Infrastructure,281250.0,APP034,SRV003,BU005,VEN005,
CST00943,2024-06,CC105,Software,Software,712500.0,APP035,SRV012,BU006,VEN006,
CST00944,2024-06,CC105,Internal Labor,People,475000.0,APP035,SRV012,BU006,,
CST00945,2024-06,CC105,Outside Services,Cloud,395833.33,APP035,SRV012,BU006,VEN006,
CST00946,2024-06,CC106,Software,Software,618750.0,APP036,SRV011,BU007,VEN007,PRJ037
CST00947,2024-06,CC106,Internal Labor,People,412500.0,APP036,SRV011,BU007,,
CST00948,2024-06,CC106,Outside Services,Infrastructure,343750.0,APP036,SRV011,BU007,VEN007,
CST00949,2024-06,CC107,Software,Software,532500.0,APP037,SRV004,BU008,VEN008,
CST00950,2024-06,CC107,Internal Labor,People,355000.0,APP037,SRV004,BU008,,
CST00951,2024-06,CC107,Outside Services,Infrastructure,295833.33,APP037,SRV004,BU008,VEN008,
CST00952,2024-06,CC108,Software,Software,255000.0,APP038,SRV007,BU009,VEN009,
CST00953,2024-06,CC108,Internal Labor,People,170000.0,APP038,SRV007,BU009,,
CST00954,2024-06,CC108,Outside Services,Infrastructure,141666.67,APP038,SRV007,BU009,VEN009,
CST00955,2024-06,CC109,Software,Software,1275000.0,APP039,SRV007,BU010,VEN010,
CST00956,2024-06,CC109,Internal Labor,People,850000.0,APP039,SRV007,BU010,,
CST00957,2024-06,CC109,Outside Services,Cloud,708333.33,APP039,SRV007,BU010,VEN010,
CST00958,2024-06,CC100,Software,Software,333750.0,APP040,SRV010,BU001,VEN001,PRJ001
CST00959,2024-06,CC100,Internal Labor,People,222500.0,APP040,SRV010,BU001,,
CST00960,2024-06,CC100,Outside Services,Cloud,185416.67,APP040,SRV010,BU001,VEN001,
CST00961,2024-06,CC101,Software,Software,862500.0,APP041,SRV018,BU002,VEN002,
CST00962,2024-06,CC101,Internal Labor,People,575000.0,APP041,SRV018,BU002,,
CST00963,2024-06,CC101,Outside Services,Infrastructure,479166.67,APP041,SRV018,BU002,VEN002,
CST00964,2024-06,CC102,Software,Software,191250.0,APP042,SRV014,BU003,VEN003,
CST00965,2024-06,CC102,Internal Labor,People,127500.0,APP042,SRV014,BU003,,
CST00966,2024-06,CC102,Outside Services,Infrastructure,106250.0,APP042,SRV014,BU003,VEN003,
CST00967,2024-06,CC103,Software,Software,157500.0,APP043,SRV001,BU004,VEN004,
CST00968,2024-06,CC103,Internal Labor,People,105000.0,APP043,SRV001,BU004,,
CST00969,2024-06,CC103,Outside Services,Infrastructure,87500.0,APP043,SRV001,BU004,VEN004,
CST00970,2024-06,CC104,Software,Software,142500.0,APP044,SRV004,BU005,VEN005,PRJ005
CST00971,2024-06,CC104,Internal Labor,People,95000.0,APP044,SRV004,BU005,,
CST00972,2024-06,CC104,Outside Services,Infrastructure,79166.67,APP044,SRV004,BU005,VEN005,
CST00973,2024-06,CC105,Software,Software,382500.0,APP045,SRV009,BU006,VEN006,
CST00974,2024-06,CC105,Internal Labor,People,255000.0,APP045,SRV009,BU006,,
CST00975,2024-06,CC105,Outside Services,Infrastructure,212500.0,APP045,SRV009,BU006,VEN006,
CST00976,2024-06,CC106,Software,Software,183750.0,APP046,SRV009,BU007,VEN007,
CST00977,2024-06,CC106,Internal Labor,People,122500.0,APP046,SRV009,BU007,,
CST00978,2024-06,CC106,Outside Services,Cloud,102083.33,APP046,SRV009,BU007,VEN007,
CST00979,2024-06,CC107,Software,Software,270000.0,APP047,SRV003,BU008,VEN008,
CST00980,2024-06,CC107,Internal Labor,People,180000.0,APP047,SRV003,BU008,,
CST00981,2024-06,CC107,Outside Services,Cloud,150000.0,APP047,SRV003,BU008,VEN008,
CST00982,2024-06,CC108,Software,Software,116250.0,APP048,SRV014,BU009,VEN009,PRJ009
CST00983,2024-06,CC108,Internal Labor,People,77500.0,APP048,SRV014,BU009,,
CST00984,2024-06,CC108,Outside Services,Infrastructure,64583.33,APP048,SRV014,BU009,VEN009,
CST00985,2024-06,CC109,Software,Software,918750.0,APP049,SRV015,BU010,VEN010,
CST00986,2024-06,CC109,Internal Labor,People,612500.0,APP049,SRV015,BU010,,
CST00987,2024-06,CC109,Outside Services,Infrastructure,510416.67,APP049,SRV015,BU010,VEN010,
CST00988,2024-06,CC100,Software,Software,480000.0,APP050,SRV015,BU001,VEN001,
CST00989,2024-06,CC100,Internal Labor,People,320000.0,APP050,SRV015,BU001,,
CST00990,2024-06,CC100,Outside Services,Infrastructure,266666.67,APP050,SRV015,BU001,VEN001,
CST00991,2024-06,CC200,Outside Services,Infrastructure,1500000.0,,SRV001,BU006,VEN001,
CST00992,2024-06,CC201,Outside Services,Infrastructure,1620000.0,,SRV002,BU006,VEN002,
CST00993,2024-06,CC202,Outside Services,Infrastructure,1740000.0,,SRV003,BU006,VEN003,
CST00994,2024-06,CC203,Outside Services,Infrastructure,1860000.0,,SRV004,BU006,VEN004,
CST00995,2024-06,CC204,Outside Services,Infrastructure,1980000.0,,SRV005,BU006,VEN005,
CST00996,2024-06,CC205,Outside Services,Infrastructure,2100000.0,,SRV006,BU006,VEN006,
CST00997,2024-06,CC206,Outside Services,Infrastructure,2220000.0,,SRV007,BU006,VEN007,
CST00998,2024-06,CC207,Outside Services,Infrastructure,2340000.0,,SRV008,BU006,VEN008,
CST00999,2024-06,CC208,Outside Services,Infrastructure,2460000.0,,SRV009,BU006,VEN009,
CST01000,2024-06,CC209,Outside Services,Infrastructure,2580000.0,,SRV010,BU006,VEN010,
CST01001,2024-06,CC210,Outside Services,Infrastructure,2700000.0,,SRV011,BU006,VEN001,
CST01002,2024-06,CC211,Outside Services,Infrastructure,2820000.0,,SRV012,BU006,VEN002,
CST01003,2024-06,CC212,Outside Services,Infrastructure,2940000.0,,SRV013,BU006,VEN003,
CST01004,2024-06,CC213,Outside Services,Infrastructure,3060000.0,,SRV014,BU006,VEN004,
CST01005,2024-06,CC214,Outside Services,Infrastructure,3180000.0,,SRV015,BU006,VEN005,
CST01006,2024-06,CC215,Outside Services,Infrastructure,3300000.0,,SRV016,BU006,VEN006,
CST01007,2024-06,CC216,Outside Services,Infrastructure,3420000.0,,SRV017,BU006,VEN007,
CST01008,2024-06,CC217,Outside Services,Infrastructure,3540000.0,,SRV018,BU006,VEN008,
CST01009,2024-07,CC101,Software,Software,5625000.0,APP001,SRV012,BU002,VEN002,
CST01010,2024-07,CC101,Internal Labor,People,3750000.0,APP001,SRV012,BU002,,
CST01011,2024-07,CC101,Outside Services,Cloud,3125000.0,APP001,SRV012,BU002,VEN002,
CST01012,2024-07,CC102,Software,Software,1050000.0,APP002,SRV002,BU003,VEN003,
CST01013,2024-07,CC102,Internal Labor,People,700000.0,APP002,SRV002,BU003,,
CST01014,2024-07,CC102,Outside Services,Infrastructure,583333.33,APP002,SRV002,BU003,VEN003,
CST01015,2024-07,CC103,Software,Software,731250.0,APP003,SRV016,BU004,VEN004,
CST01016,2024-07,CC103,Internal Labor,People,487500.0,APP003,SRV016,BU004,,
CST01017,2024-07,CC103,Outside Services,Cloud,406250.0,APP003,SRV016,BU004,VEN004,
CST01018,2024-07,CC104,Software,Software,825000.0,APP004,SRV011,BU005,VEN005,PRJ005
CST01019,2024-07,CC104,Internal Labor,People,550000.0,APP004,SRV011,BU005,,
CST01020,2024-07,CC104,Outside Services,Cloud,458333.33,APP004,SRV011,BU005,VEN005,
CST01021,2024-07,CC105,Software,Software,937500.0,APP005,SRV001,BU006,VEN006,
CST01022,2024-07,CC105,Internal Labor,People,625000.0,APP005,SRV001,BU006,,
CST01023,2024-07,CC105,Outside Services,Infrastructure,520833.33,APP005,SRV001,BU006,VEN006,
CST01024,2024-07,CC106,Software,Software,525000.0,APP006,SRV001,BU007,VEN007,
CST01025,2024-07,CC106,Internal Labor,People,350000.0,APP006,SRV001,BU007,,
CST01026,2024-07,CC106,Outside Services,Infrastructure,291666.67,APP006,SRV001,BU007,VEN007,
CST01027,2024-07,CC107,Software,Software,675000.0,APP007,SRV009,BU008,VEN008,
CST01028,2024-07,CC107,Internal Labor,People,450000.0,APP007,SRV009,BU008,,
CST01029,2024-07,CC107,Outside Services,Infrastructure,375000.0,APP007,SRV009,BU008,VEN008,
CST01030,2024-07,CC108,Software,Software,468750.0,APP008,SRV001,BU009,VEN009,PRJ009
CST01031,2024-07,CC108,Internal Labor,People,312500.0,APP008,SRV001,BU009,,
CST01032,2024-07,CC108,Outside Services,Infrastructure,260416.67,APP008,SRV001,BU009,VEN009,
CST01033,2024-07,CC109,Software,Software,356250.0,APP009,SRV006,BU010,VEN010,
CST01034,2024-07,CC109,Internal Labor,People,237500.0,APP009,SRV006,BU010,,
CST01035,2024-07,CC109,Outside Services,Infrastructure,197916.67,APP009,SRV006,BU010,VEN010,
CST01036,2024-07,CC100,Software,Software,600000.0,APP010,SRV006,BU001,VEN001,
CST01037,2024-07,CC100,Internal Labor,People,400000.0,APP010,SRV006,BU001,,
CST01038,2024-07,CC100,Outside Services,Cloud,333333.33,APP010,SRV006,BU001,VEN001,
CST01039,2024-07,CC101,Software,Software,1162500.0,APP011,SRV007,BU002,VEN002,
CST01040,2024-07,CC101,Internal Labor,People,775000.0,APP011,SRV007,BU002,,
CST01041,2024-07,CC101,Outside Services,Cloud,645833.33,APP011,SRV007,BU002,VEN002,
CST01042,2024-07,CC102,Software,Software,431250.0,APP012,SRV001,BU003,VEN003,PRJ013
CST01043,2024-07,CC102,Internal Labor,People,287500.0,APP012,SRV001,BU003,,
CST01044,2024-07,CC102,Outside Services,Cloud,239583.33,APP012,SRV001,BU003,VEN003,
CST01045,2024-07,CC103,Software,Software,1087500.0,APP013,SRV012,BU004,VEN004,
CST01046,2024-07,CC103,Internal Labor,People,725000.0,APP013,SRV012,BU004,,
CST01047,2024-07,CC103,Outside Services,Cloud,604166.67,APP013,SRV012,BU004,VEN004,
CST01048,2024-07,CC104,Software,Software,1575000.0,APP014,SRV011,BU005,VEN005,
CST01049,2024-07,CC104,Internal Labor,People,1050000.0,APP014,SRV011,BU005,,
CST01050,2024-07,CC104,Outside Services,Cloud,875000.0,APP014,SRV011,BU005,VEN005,
CST01051,2024-07,CC105,Software,Software,787500.0,APP015,SRV018,BU006,VEN006,
CST01052,2024-07,CC105,Internal Labor,People,525000.0,APP015,SRV018,BU006,,
CST01053,2024-07,CC105,Outside Services,Infrastructure,437500.0,APP015,SRV018,BU006,VEN006,
CST01054,2024-07,CC106,Software,Software,581250.0,APP016,SRV018,BU007,VEN007,PRJ017
CST01055,2024-07,CC106,Internal Labor,People,387500.0,APP016,SRV018,BU007,,
CST01056,2024-07,CC106,Outside Services,Cloud,322916.67,APP016,SRV018,BU007,VEN007,
CST01057,2024-07,CC107,Software,Software,318750.0,APP017,SRV002,BU008,VEN008,
CST01058,2024-07,CC107,Internal Labor,People,212500.0,APP017,SRV002,BU008,,
CST01059,2024-07,CC107,Outside Services,Infrastructure,177083.33,APP017,SRV002,BU008,VEN008,
CST01060,2024-07,CC108,Software,Software,367500.0,APP018,SRV001,BU009,VEN009,
CST01061,2024-07,CC108,Internal Labor,People,245000.0,APP018,SRV001,BU009,,
CST01062,2024-07,CC108,Outside Services,Cloud,204166.67,APP018,SRV001,BU009,VEN009,
CST01063,2024-07,CC109,Software,Software,1425000.0,APP019,SRV009,BU010,VEN010,
CST01064,2024-07,CC109,Internal Labor,People,950000.0,APP019,SRV009,BU010,,
CST01065,2024-07,CC109,Outside Services,Infrastructure,791666.67,APP019,SRV009,BU010,VEN010,
CST01066,2024-07,CC100,Software,Software,975000.0,APP020,SRV015,BU001,VEN001,PRJ021
CST01067,2024-07,CC100,Internal Labor,People,650000.0,APP020,SRV015,BU001,,
CST01068,2024-07,CC100,Outside Services,Cloud,541666.67,APP020,SRV015,BU001,VEN001,
CST01069,2024-07,CC101,Software,Software,3150000.0,APP021,SRV007,BU002,VEN002,
CST01070,2024-07,CC101,Internal Labor,People,2100000.0,APP021,SRV007,BU002,,
CST01071,2024-07,CC101,Outside Services,Cloud,1750000.0,APP021,SRV007,BU002,VEN002,
CST01072,2024-07,CC102,Software,Software,900000.0,APP022,SRV009,BU003,VEN003,
CST01073,2024-07,CC102,Internal Labor,People,600000.0,APP022,SRV009,BU003,,
CST01074,2024-07,CC102,Outside Services,Cloud,500000.0,APP022,SRV009,BU003,VEN003,
CST01075,2024-07,CC103,Software,Software,1031250.0,APP023,SRV012,BU004,VEN004,
CST01076,2024-07,CC103,Internal Labor,People,687500.0,APP023,SRV012,BU004,,
CST01077,2024-07,CC103,Outside Services,Cloud,572916.67,APP023,SRV012,BU004,VEN004,
CST01078,2024-07,CC104,Software,Software,712500.0,APP024,SRV002,BU005,VEN005,PRJ025
CST01079,2024-07,CC104,Internal Labor,People,475000.0,APP024,SRV002,BU005,,
CST01080,2024-07,CC104,Outside Services,Infrastructure,395833.33,APP024,SRV002,BU005,VEN005,
CST01081,2024-07,CC105,Software,Software,487500.0,APP025,SRV013,BU006,VEN006,
CST01082,2024-07,CC105,Internal Labor,People,325000.0,APP025,SRV013,BU006,,
CST01083,2024-07,CC105,Outside Services,Cloud,270833.33,APP025,SRV013,BU006,VEN006,
CST01084,2024-07,CC106,Software,Software,292500.0,APP026,SRV001,BU007,VEN007,
CST01085,2024-07,CC106,Internal Labor,People,195000.0,APP026,SRV001,BU007,,
CST01086,2024-07,CC106,Outside Services,Infrastructure,162500.0,APP026,SRV001,BU007,VEN007,
CST01087,2024-07,CC107,Software,Software,345000.0,APP027,SRV004,BU008,VEN008,
CST01088,2024-07,CC107,Internal Labor,People,230000.0,APP027,SRV004,BU008,,
CST01089,2024-07,CC107,Outside Services,Infrastructure,191666.67,APP027,SRV004,BU008,VEN008,
CST01090,2024-07,CC108,Software,Software,243750.0,APP028,SRV014,BU009,VEN009,PRJ029
CST01091,2024-07,CC108,Internal Labor,People,162500.0,APP028,SRV014,BU009,,
CST01092,2024-07,CC108,Outside Services,Infrastructure,135416.67,APP028,SRV014,BU009,VEN009,
CST01093,2024-07,CC109,Software,Software,693750.0,APP029,SRV010,BU010,VEN010,
CST01094,2024-07,CC109,Internal Labor,People,462500.0,APP029,SRV010,BU010,,
CST01095,2024-07,CC109,Outside Services,Cloud,385416.67,APP029,SRV010,BU010,VEN010,
CST01096,2024-07,CC100,Software,Software,843750.0,APP030,SRV009,BU001,VEN001,
CST01097,2024-07,CC100,Internal Labor,People,562500.0,APP030,SRV009,BU001,,
CST01098,2024-07,CC100,Outside Services,Infrastructure,468750.0,APP030,SRV009,BU001,VEN001,
CST01099,2024-07,CC101,Software,Software,217500.0,APP031,SRV008,BU002,VEN002,
CST01100,2024-07,CC101,Internal Labor,People,145000.0,APP031,SRV008,BU002,,
CST01101,2024-07,CC101,Outside Services,Cloud,120833.33,APP031,SRV008,BU002,VEN002,
CST01102,2024-07,CC102,Software,Software,420000.0,APP032,SRV008,BU003,VEN003,PRJ033
CST01103,2024-07,CC102,Internal Labor,People,280000.0,APP032,SRV008,BU003,,
CST01104,2024-07,CC102,Outside Services,Infrastructure,233333.33,APP032,SRV008,BU003,VEN003,
CST01105,2024-07,CC103,Software,Software,356250.0,APP033,SRV008,BU004,VEN004,
CST01106,2024-07,CC103,Internal Labor,People,237500.0,APP033,SRV008,BU004,,
CST01107,2024-07,CC103,Outside Services,Cloud,197916.67,APP033,SRV008,BU004,VEN004,
CST01108,2024-07,CC104,Software,Software,506250.0,APP034,SRV003,BU005,VEN005,
CST01109,2024-07,CC104,Internal Labor,People,337500.0,APP034,SRV003,BU005,,
CST01110,2024-07,CC104,Outside Services,Infrastructure,281250.0,APP034,SRV003,BU005,VEN005,
CST01111,2024-07,CC105,Software,Software,712500.0,APP035,SRV012,BU006,VEN006,
CST01112,2024-07,CC105,Internal Labor,People,475000.0,APP035,SRV012,BU006,,
CST01113,2024-07,CC105,Outside Services,Cloud,395833.33,APP035,SRV012,BU006,VEN006,
CST01114,2024-07,CC106,Software,Software,618750.0,APP036,SRV011,BU007,VEN007,PRJ037
CST01115,2024-07,CC106,Internal Labor,People,412500.0,APP036,SRV011,BU007,,
CST01116,2024-07,CC106,Outside Services,Infrastructure,343750.0,APP036,SRV011,BU007,VEN007,
CST01117,2024-07,CC107,Software,Software,532500.0,APP037,SRV004,BU008,VEN008,
CST01118,2024-07,CC107,Internal Labor,People,355000.0,APP037,SRV004,BU008,,
CST01119,2024-07,CC107,Outside Services,Infrastructure,295833.33,APP037,SRV004,BU008,VEN008,
CST01120,2024-07,CC108,Software,Software,255000.0,APP038,SRV007,BU009,VEN009,
CST01121,2024-07,CC108,Internal Labor,People,170000.0,APP038,SRV007,BU009,,
CST01122,2024-07,CC108,Outside Services,Infrastructure,141666.67,APP038,SRV007,BU009,VEN009,
CST01123,2024-07,CC109,Software,Software,1275000.0,APP039,SRV007,BU010,VEN010,
CST01124,2024-07,CC109,Internal Labor,People,850000.0,APP039,SRV007,BU010,,
CST01125,2024-07,CC109,Outside Services,Cloud,708333.33,APP039,SRV007,BU010,VEN010,
CST01126,2024-07,CC100,Software,Software,333750.0,APP040,SRV010,BU001,VEN001,PRJ001
CST01127,2024-07,CC100,Internal Labor,People,222500.0,APP040,SRV010,BU001,,
CST01128,2024-07,CC100,Outside Services,Cloud,185416.67,APP040,SRV010,BU001,VEN001,
CST01129,2024-07,CC101,Software,Software,862500.0,APP041,SRV018,BU002,VEN002,
CST01130,2024-07,CC101,Internal Labor,People,575000.0,APP041,SRV018,BU002,,
CST01131,2024-07,CC101,Outside Services,Infrastructure,479166.67,APP041,SRV018,BU002,VEN002,
CST01132,2024-07,CC102,Software,Software,191250.0,APP042,SRV014,BU003,VEN003,
CST01133,2024-07,CC102,Internal Labor,People,127500.0,APP042,SRV014,BU003,,
CST01134,2024-07,CC102,Outside Services,Infrastructure,106250.0,APP042,SRV014,BU003,VEN003,
CST01135,2024-07,CC103,Software,Software,157500.0,APP043,SRV001,BU004,VEN004,
CST01136,2024-07,CC103,Internal Labor,People,105000.0,APP043,SRV001,BU004,,
CST01137,2024-07,CC103,Outside Services,Infrastructure,87500.0,APP043,SRV001,BU004,VEN004,
CST01138,2024-07,CC104,Software,Software,142500.0,APP044,SRV004,BU005,VEN005,PRJ005
CST01139,2024-07,CC104,Internal Labor,People,95000.0,APP044,SRV004,BU005,,
CST01140,2024-07,CC104,Outside Services,Infrastructure,79166.67,APP044,SRV004,BU005,VEN005,
CST01141,2024-07,CC105,Software,Software,382500.0,APP045,SRV009,BU006,VEN006,
CST01142,2024-07,CC105,Internal Labor,People,255000.0,APP045,SRV009,BU006,,
CST01143,2024-07,CC105,Outside Services,Infrastructure,212500.0,APP045,SRV009,BU006,VEN006,
CST01144,2024-07,CC106,Software,Software,183750.0,APP046,SRV009,BU007,VEN007,
CST01145,2024-07,CC106,Internal Labor,People,122500.0,APP046,SRV009,BU007,,
CST01146,2024-07,CC106,Outside Services,Cloud,102083.33,APP046,SRV009,BU007,VEN007,
CST01147,2024-07,CC107,Software,Software,270000.0,APP047,SRV003,BU008,VEN008,
CST01148,2024-07,CC107,Internal Labor,People,180000.0,APP047,SRV003,BU008,,
CST01149,2024-07,CC107,Outside Services,Cloud,150000.0,APP047,SRV003,BU008,VEN008,
CST01150,2024-07,CC108,Software,Software,116250.0,APP048,SRV014,BU009,VEN009,PRJ009
CST01151,2024-07,CC108,Internal Labor,People,77500.0,APP048,SRV014,BU009,,
CST01152,2024-07,CC108,Outside Services,Infrastructure,64583.33,APP048,SRV014,BU009,VEN009,
CST01153,2024-07,CC109,Software,Software,918750.0,APP049,SRV015,BU010,VEN010,
CST01154,2024-07,CC109,Internal Labor,People,612500.0,APP049,SRV015,BU010,,
CST01155,2024-07,CC109,Outside Services,Infrastructure,510416.67,APP049,SRV015,BU010,VEN010,
CST01156,2024-07,CC100,Software,Software,480000.0,APP050,SRV015,BU001,VEN001,
CST01157,2024-07,CC100,Internal Labor,People,320000.0,APP050,SRV015,BU001,,
CST01158,2024-07,CC100,Outside Services,Infrastructure,266666.67,APP050,SRV015,BU001,VEN001,
CST01159,2024-07,CC200,Outside Services,Infrastructure,1500000.0,,SRV001,BU006,VEN001,
CST01160,2024-07,CC201,Outside Services,Infrastructure,1620000.0,,SRV002,BU006,VEN002,
CST01161,2024-07,CC202,Outside Services,Infrastructure,1740000.0,,SRV003,BU006,VEN003,
CST01162,2024-07,CC203,Outside Services,Infrastructure,1860000.0,,SRV004,BU006,VEN004,
CST01163,2024-07,CC204,Outside Services,Infrastructure,1980000.0,,SRV005,BU006,VEN005,
CST01164,2024-07,CC205,Outside Services,Infrastructure,2100000.0,,SRV006,BU006,VEN006,
CST01165,2024-07,CC206,Outside Services,Infrastructure,2220000.0,,SRV007,BU006,VEN007,
CST01166,2024-07,CC207,Outside Services,Infrastructure,2340000.0,,SRV008,BU006,VEN008,
CST01167,2024-07,CC208,Outside Services,Infrastructure,2460000.0,,SRV009,BU006,VEN009,
CST01168,2024-07,CC209,Outside Services,Infrastructure,2580000.0,,SRV010,BU006,VEN010,
CST01169,2024-07,CC210,Outside Services,Infrastructure,2700000.0,,SRV011,BU006,VEN001,
CST01170,2024-07,CC211,Outside Services,Infrastructure,2820000.0,,SRV012,BU006,VEN002,
CST01171,2024-07,CC212,Outside Services,Infrastructure,2940000.0,,SRV013,BU006,VEN003,
CST01172,2024-07,CC213,Outside Services,Infrastructure,3060000.0,,SRV014,BU006,VEN004,
CST01173,2024-07,CC214,Outside Services,Infrastructure,3180000.0,,SRV015,BU006,VEN005,
CST01174,2024-07,CC215,Outside Services,Infrastructure,3300000.0,,SRV016,BU006,VEN006,
CST01175,2024-07,CC216,Outside Services,Infrastructure,3420000.0,,SRV017,BU006,VEN007,
CST01176,2024-07,CC217,Outside Services,Infrastructure,3540000.0,,SRV018,BU006,VEN008,
CST01177,2024-08,CC101,Software,Software,5625000.0,APP001,SRV012,BU002,VEN002,
CST01178,2024-08,CC101,Internal Labor,People,3750000.0,APP001,SRV012,BU002,,
CST01179,2024-08,CC101,Outside Services,Cloud,3125000.0,APP001,SRV012,BU002,VEN002,
CST01180,2024-08,CC102,Software,Software,1050000.0,APP002,SRV002,BU003,VEN003,
CST01181,2024-08,CC102,Internal Labor,People,700000.0,APP002,SRV002,BU003,,
CST01182,2024-08,CC102,Outside Services,Infrastructure,583333.33,APP002,SRV002,BU003,VEN003,
CST01183,2024-08,CC103,Software,Software,731250.0,APP003,SRV016,BU004,VEN004,
CST01184,2024-08,CC103,Internal Labor,People,487500.0,APP003,SRV016,BU004,,
CST01185,2024-08,CC103,Outside Services,Cloud,406250.0,APP003,SRV016,BU004,VEN004,
CST01186,2024-08,CC104,Software,Software,825000.0,APP004,SRV011,BU005,VEN005,PRJ005
CST01187,2024-08,CC104,Internal Labor,People,550000.0,APP004,SRV011,BU005,,
CST01188,2024-08,CC104,Outside Services,Cloud,458333.33,APP004,SRV011,BU005,VEN005,
CST01189,2024-08,CC105,Software,Software,937500.0,APP005,SRV001,BU006,VEN006,
CST01190,2024-08,CC105,Internal Labor,People,625000.0,APP005,SRV001,BU006,,
CST01191,2024-08,CC105,Outside Services,Infrastructure,520833.33,APP005,SRV001,BU006,VEN006,
CST01192,2024-08,CC106,Software,Software,525000.0,APP006,SRV001,BU007,VEN007,
CST01193,2024-08,CC106,Internal Labor,People,350000.0,APP006,SRV001,BU007,,
CST01194,2024-08,CC106,Outside Services,Infrastructure,291666.67,APP006,SRV001,BU007,VEN007,
CST01195,2024-08,CC107,Software,Software,675000.0,APP007,SRV009,BU008,VEN008,
CST01196,2024-08,CC107,Internal Labor,People,450000.0,APP007,SRV009,BU008,,
CST01197,2024-08,CC107,Outside Services,Infrastructure,375000.0,APP007,SRV009,BU008,VEN008,
CST01198,2024-08,CC108,Software,Software,468750.0,APP008,SRV001,BU009,VEN009,PRJ009
CST01199,2024-08,CC108,Internal Labor,People,312500.0,APP008,SRV001,BU009,,
CST01200,2024-08,CC108,Outside Services,Infrastructure,260416.67,APP008,SRV001,BU009,VEN009,
CST01201,2024-08,CC109,Software,Software,356250.0,APP009,SRV006,BU010,VEN010,
CST01202,2024-08,CC109,Internal Labor,People,237500.0,APP009,SRV006,BU010,,
CST01203,2024-08,CC109,Outside Services,Infrastructure,197916.67,APP009,SRV006,BU010,VEN010,
CST01204,2024-08,CC100,Software,Software,600000.0,APP010,SRV006,BU001,VEN001,
CST01205,2024-08,CC100,Internal Labor,People,400000.0,APP010,SRV006,BU001,,
CST01206,2024-08,CC100,Outside Services,Cloud,333333.33,APP010,SRV006,BU001,VEN001,
CST01207,2024-08,CC101,Software,Software,1162500.0,APP011,SRV007,BU002,VEN002,
CST01208,2024-08,CC101,Internal Labor,People,775000.0,APP011,SRV007,BU002,,
CST01209,2024-08,CC101,Outside Services,Cloud,645833.33,APP011,SRV007,BU002,VEN002,
CST01210,2024-08,CC102,Software,Software,431250.0,APP012,SRV001,BU003,VEN003,PRJ013
CST01211,2024-08,CC102,Internal Labor,People,287500.0,APP012,SRV001,BU003,,
CST01212,2024-08,CC102,Outside Services,Cloud,239583.33,APP012,SRV001,BU003,VEN003,
CST01213,2024-08,CC103,Software,Software,1087500.0,APP013,SRV012,BU004,VEN004,
CST01214,2024-08,CC103,Internal Labor,People,725000.0,APP013,SRV012,BU004,,
CST01215,2024-08,CC103,Outside Services,Cloud,604166.67,APP013,SRV012,BU004,VEN004,
CST01216,2024-08,CC104,Software,Software,4275000.0,APP014,SRV011,BU005,VEN005,
CST01217,2024-08,CC104,Internal Labor,People,2850000.0,APP014,SRV011,BU005,,
CST01218,2024-08,CC104,Outside Services,Cloud,2375000.0,APP014,SRV011,BU005,VEN005,
CST01219,2024-08,CC105,Software,Software,787500.0,APP015,SRV018,BU006,VEN006,
CST01220,2024-08,CC105,Internal Labor,People,525000.0,APP015,SRV018,BU006,,
CST01221,2024-08,CC105,Outside Services,Infrastructure,437500.0,APP015,SRV018,BU006,VEN006,
CST01222,2024-08,CC106,Software,Software,581250.0,APP016,SRV018,BU007,VEN007,PRJ017
CST01223,2024-08,CC106,Internal Labor,People,387500.0,APP016,SRV018,BU007,,
CST01224,2024-08,CC106,Outside Services,Cloud,322916.67,APP016,SRV018,BU007,VEN007,
CST01225,2024-08,CC107,Software,Software,318750.0,APP017,SRV002,BU008,VEN008,
CST01226,2024-08,CC107,Internal Labor,People,212500.0,APP017,SRV002,BU008,,
CST01227,2024-08,CC107,Outside Services,Infrastructure,177083.33,APP017,SRV002,BU008,VEN008,
CST01228,2024-08,CC108,Software,Software,367500.0,APP018,SRV001,BU009,VEN009,
CST01229,2024-08,CC108,Internal Labor,People,245000.0,APP018,SRV001,BU009,,
CST01230,2024-08,CC108,Outside Services,Cloud,204166.67,APP018,SRV001,BU009,VEN009,
CST01231,2024-08,CC109,Software,Software,1425000.0,APP019,SRV009,BU010,VEN010,
CST01232,2024-08,CC109,Internal Labor,People,950000.0,APP019,SRV009,BU010,,
CST01233,2024-08,CC109,Outside Services,Infrastructure,791666.67,APP019,SRV009,BU010,VEN010,
CST01234,2024-08,CC100,Software,Software,975000.0,APP020,SRV015,BU001,VEN001,PRJ021
CST01235,2024-08,CC100,Internal Labor,People,650000.0,APP020,SRV015,BU001,,
CST01236,2024-08,CC100,Outside Services,Cloud,541666.67,APP020,SRV015,BU001,VEN001,
CST01237,2024-08,CC101,Software,Software,3150000.0,APP021,SRV007,BU002,VEN002,
CST01238,2024-08,CC101,Internal Labor,People,2100000.0,APP021,SRV007,BU002,,
CST01239,2024-08,CC101,Outside Services,Cloud,1750000.0,APP021,SRV007,BU002,VEN002,
CST01240,2024-08,CC102,Software,Software,2610000.0,APP022,SRV009,BU003,VEN003,
CST01241,2024-08,CC102,Internal Labor,People,1740000.0,APP022,SRV009,BU003,,
CST01242,2024-08,CC102,Outside Services,Cloud,1450000.0,APP022,SRV009,BU003,VEN003,
CST01243,2024-08,CC103,Software,Software,1031250.0,APP023,SRV012,BU004,VEN004,
CST01244,2024-08,CC103,Internal Labor,People,687500.0,APP023,SRV012,BU004,,
CST01245,2024-08,CC103,Outside Services,Cloud,572916.67,APP023,SRV012,BU004,VEN004,
CST01246,2024-08,CC104,Software,Software,712500.0,APP024,SRV002,BU005,VEN005,PRJ025
CST01247,2024-08,CC104,Internal Labor,People,475000.0,APP024,SRV002,BU005,,
CST01248,2024-08,CC104,Outside Services,Infrastructure,395833.33,APP024,SRV002,BU005,VEN005,
CST01249,2024-08,CC105,Software,Software,487500.0,APP025,SRV013,BU006,VEN006,
CST01250,2024-08,CC105,Internal Labor,People,325000.0,APP025,SRV013,BU006,,
CST01251,2024-08,CC105,Outside Services,Cloud,270833.33,APP025,SRV013,BU006,VEN006,
CST01252,2024-08,CC106,Software,Software,292500.0,APP026,SRV001,BU007,VEN007,
CST01253,2024-08,CC106,Internal Labor,People,195000.0,APP026,SRV001,BU007,,
CST01254,2024-08,CC106,Outside Services,Infrastructure,162500.0,APP026,SRV001,BU007,VEN007,
CST01255,2024-08,CC107,Software,Software,345000.0,APP027,SRV004,BU008,VEN008,
CST01256,2024-08,CC107,Internal Labor,People,230000.0,APP027,SRV004,BU008,,
CST01257,2024-08,CC107,Outside Services,Infrastructure,191666.67,APP027,SRV004,BU008,VEN008,
CST01258,2024-08,CC108,Software,Software,243750.0,APP028,SRV014,BU009,VEN009,PRJ029
CST01259,2024-08,CC108,Internal Labor,People,162500.0,APP028,SRV014,BU009,,
CST01260,2024-08,CC108,Outside Services,Infrastructure,135416.67,APP028,SRV014,BU009,VEN009,
CST01261,2024-08,CC109,Software,Software,693750.0,APP029,SRV010,BU010,VEN010,
CST01262,2024-08,CC109,Internal Labor,People,462500.0,APP029,SRV010,BU010,,
CST01263,2024-08,CC109,Outside Services,Cloud,385416.67,APP029,SRV010,BU010,VEN010,
CST01264,2024-08,CC100,Software,Software,843750.0,APP030,SRV009,BU001,VEN001,
CST01265,2024-08,CC100,Internal Labor,People,562500.0,APP030,SRV009,BU001,,
CST01266,2024-08,CC100,Outside Services,Infrastructure,468750.0,APP030,SRV009,BU001,VEN001,
CST01267,2024-08,CC101,Software,Software,217500.0,APP031,SRV008,BU002,VEN002,
CST01268,2024-08,CC101,Internal Labor,People,145000.0,APP031,SRV008,BU002,,
CST01269,2024-08,CC101,Outside Services,Cloud,120833.33,APP031,SRV008,BU002,VEN002,
CST01270,2024-08,CC102,Software,Software,420000.0,APP032,SRV008,BU003,VEN003,PRJ033
CST01271,2024-08,CC102,Internal Labor,People,280000.0,APP032,SRV008,BU003,,
CST01272,2024-08,CC102,Outside Services,Infrastructure,233333.33,APP032,SRV008,BU003,VEN003,
CST01273,2024-08,CC103,Software,Software,356250.0,APP033,SRV008,BU004,VEN004,
CST01274,2024-08,CC103,Internal Labor,People,237500.0,APP033,SRV008,BU004,,
CST01275,2024-08,CC103,Outside Services,Cloud,197916.67,APP033,SRV008,BU004,VEN004,
CST01276,2024-08,CC104,Software,Software,506250.0,APP034,SRV003,BU005,VEN005,
CST01277,2024-08,CC104,Internal Labor,People,337500.0,APP034,SRV003,BU005,,
CST01278,2024-08,CC104,Outside Services,Infrastructure,281250.0,APP034,SRV003,BU005,VEN005,
CST01279,2024-08,CC105,Software,Software,712500.0,APP035,SRV012,BU006,VEN006,
CST01280,2024-08,CC105,Internal Labor,People,475000.0,APP035,SRV012,BU006,,
CST01281,2024-08,CC105,Outside Services,Cloud,395833.33,APP035,SRV012,BU006,VEN006,
CST01282,2024-08,CC106,Software,Software,618750.0,APP036,SRV011,BU007,VEN007,PRJ037
CST01283,2024-08,CC106,Internal Labor,People,412500.0,APP036,SRV011,BU007,,
CST01284,2024-08,CC106,Outside Services,Infrastructure,343750.0,APP036,SRV011,BU007,VEN007,
CST01285,2024-08,CC107,Software,Software,532500.0,APP037,SRV004,BU008,VEN008,
CST01286,2024-08,CC107,Internal Labor,People,355000.0,APP037,SRV004,BU008,,
CST01287,2024-08,CC107,Outside Services,Infrastructure,295833.33,APP037,SRV004,BU008,VEN008,
CST01288,2024-08,CC108,Software,Software,255000.0,APP038,SRV007,BU009,VEN009,
CST01289,2024-08,CC108,Internal Labor,People,170000.0,APP038,SRV007,BU009,,
CST01290,2024-08,CC108,Outside Services,Infrastructure,141666.67,APP038,SRV007,BU009,VEN009,
CST01291,2024-08,CC109,Software,Software,1275000.0,APP039,SRV007,BU010,VEN010,
CST01292,2024-08,CC109,Internal Labor,People,850000.0,APP039,SRV007,BU010,,
CST01293,2024-08,CC109,Outside Services,Cloud,708333.33,APP039,SRV007,BU010,VEN010,
CST01294,2024-08,CC100,Software,Software,333750.0,APP040,SRV010,BU001,VEN001,PRJ001
CST01295,2024-08,CC100,Internal Labor,People,222500.0,APP040,SRV010,BU001,,
CST01296,2024-08,CC100,Outside Services,Cloud,185416.67,APP040,SRV010,BU001,VEN001,
CST01297,2024-08,CC101,Software,Software,862500.0,APP041,SRV018,BU002,VEN002,
CST01298,2024-08,CC101,Internal Labor,People,575000.0,APP041,SRV018,BU002,,
CST01299,2024-08,CC101,Outside Services,Infrastructure,479166.67,APP041,SRV018,BU002,VEN002,
CST01300,2024-08,CC102,Software,Software,191250.0,APP042,SRV014,BU003,VEN003,
CST01301,2024-08,CC102,Internal Labor,People,127500.0,APP042,SRV014,BU003,,
CST01302,2024-08,CC102,Outside Services,Infrastructure,106250.0,APP042,SRV014,BU003,VEN003,
CST01303,2024-08,CC103,Software,Software,157500.0,APP043,SRV001,BU004,VEN004,
CST01304,2024-08,CC103,Internal Labor,People,105000.0,APP043,SRV001,BU004,,
CST01305,2024-08,CC103,Outside Services,Infrastructure,87500.0,APP043,SRV001,BU004,VEN004,
CST01306,2024-08,CC104,Software,Software,142500.0,APP044,SRV004,BU005,VEN005,PRJ005
CST01307,2024-08,CC104,Internal Labor,People,95000.0,APP044,SRV004,BU005,,
CST01308,2024-08,CC104,Outside Services,Infrastructure,79166.67,APP044,SRV004,BU005,VEN005,
CST01309,2024-08,CC105,Software,Software,382500.0,APP045,SRV009,BU006,VEN006,
CST01310,2024-08,CC105,Internal Labor,People,255000.0,APP045,SRV009,BU006,,
CST01311,2024-08,CC105,Outside Services,Infrastructure,212500.0,APP045,SRV009,BU006,VEN006,
CST01312,2024-08,CC106,Software,Software,183750.0,APP046,SRV009,BU007,VEN007,
CST01313,2024-08,CC106,Internal Labor,People,122500.0,APP046,SRV009,BU007,,
CST01314,2024-08,CC106,Outside Services,Cloud,102083.33,APP046,SRV009,BU007,VEN007,
CST01315,2024-08,CC107,Software,Software,270000.0,APP047,SRV003,BU008,VEN008,
CST01316,2024-08,CC107,Internal Labor,People,180000.0,APP047,SRV003,BU008,,
CST01317,2024-08,CC107,Outside Services,Cloud,150000.0,APP047,SRV003,BU008,VEN008,
CST01318,2024-08,CC108,Software,Software,116250.0,APP048,SRV014,BU009,VEN009,PRJ009
CST01319,2024-08,CC108,Internal Labor,People,77500.0,APP048,SRV014,BU009,,
CST01320,2024-08,CC108,Outside Services,Infrastructure,64583.33,APP048,SRV014,BU009,VEN009,
CST01321,2024-08,CC109,Software,Software,918750.0,APP049,SRV015,BU010,VEN010,
CST01322,2024-08,CC109,Internal Labor,People,612500.0,APP049,SRV015,BU010,,
CST01323,2024-08,CC109,Outside Services,Infrastructure,510416.67,APP049,SRV015,BU010,VEN010,
CST01324,2024-08,CC100,Software,Software,480000.0,APP050,SRV015,BU001,VEN001,
CST01325,2024-08,CC100,Internal Labor,People,320000.0,APP050,SRV015,BU001,,
CST01326,2024-08,CC100,Outside Services,Infrastructure,266666.67,APP050,SRV015,BU001,VEN001,
CST01327,2024-08,CC200,Outside Services,Infrastructure,1500000.0,,SRV001,BU006,VEN001,
CST01328,2024-08,CC201,Outside Services,Infrastructure,1620000.0,,SRV002,BU006,VEN002,
CST01329,2024-08,CC202,Outside Services,Infrastructure,1740000.0,,SRV003,BU006,VEN003,
CST01330,2024-08,CC203,Outside Services,Infrastructure,1860000.0,,SRV004,BU006,VEN004,
CST01331,2024-08,CC204,Outside Services,Infrastructure,1980000.0,,SRV005,BU006,VEN005,
CST01332,2024-08,CC205,Outside Services,Infrastructure,2100000.0,,SRV006,BU006,VEN006,
CST01333,2024-08,CC206,Outside Services,Infrastructure,2220000.0,,SRV007,BU006,VEN007,
CST01334,2024-08,CC207,Outside Services,Infrastructure,2340000.0,,SRV008,BU006,VEN008,
CST01335,2024-08,CC208,Outside Services,Infrastructure,2460000.0,,SRV009,BU006,VEN009,
CST01336,2024-08,CC209,Outside Services,Infrastructure,2580000.0,,SRV010,BU006,VEN010,
CST01337,2024-08,CC210,Outside Services,Infrastructure,2700000.0,,SRV011,BU006,VEN001,
CST01338,2024-08,CC211,Outside Services,Infrastructure,2820000.0,,SRV012,BU006,VEN002,
CST01339,2024-08,CC212,Outside Services,Infrastructure,2940000.0,,SRV013,BU006,VEN003,
CST01340,2024-08,CC213,Outside Services,Infrastructure,3060000.0,,SRV014,BU006,VEN004,
CST01341,2024-08,CC214,Outside Services,Infrastructure,3180000.0,,SRV015,BU006,VEN005,
CST01342,2024-08,CC215,Outside Services,Infrastructure,3300000.0,,SRV016,BU006,VEN006,
CST01343,2024-08,CC216,Outside Services,Infrastructure,3420000.0,,SRV017,BU006,VEN007,
CST01344,2024-08,CC217,Outside Services,Infrastructure,3540000.0,,SRV018,BU006,VEN008,
CST01345,2024-09,CC101,Software,Software,5625000.0,APP001,SRV012,BU002,VEN002,
CST01346,2024-09,CC101,Internal Labor,People,3750000.0,APP001,SRV012,BU002,,
CST01347,2024-09,CC101,Outside Services,Cloud,3125000.0,APP001,SRV012,BU002,VEN002,
CST01348,2024-09,CC102,Software,Software,1050000.0,APP002,SRV002,BU003,VEN003,
CST01349,2024-09,CC102,Internal Labor,People,700000.0,APP002,SRV002,BU003,,
CST01350,2024-09,CC102,Outside Services,Infrastructure,583333.33,APP002,SRV002,BU003,VEN003,
CST01351,2024-09,CC103,Software,Software,731250.0,APP003,SRV016,BU004,VEN004,
CST01352,2024-09,CC103,Internal Labor,People,487500.0,APP003,SRV016,BU004,,
CST01353,2024-09,CC103,Outside Services,Cloud,406250.0,APP003,SRV016,BU004,VEN004,
CST01354,2024-09,CC104,Software,Software,825000.0,APP004,SRV011,BU005,VEN005,PRJ005
CST01355,2024-09,CC104,Internal Labor,People,550000.0,APP004,SRV011,BU005,,
CST01356,2024-09,CC104,Outside Services,Cloud,458333.33,APP004,SRV011,BU005,VEN005,
CST01357,2024-09,CC105,Software,Software,937500.0,APP005,SRV001,BU006,VEN006,
CST01358,2024-09,CC105,Internal Labor,People,625000.0,APP005,SRV001,BU006,,
CST01359,2024-09,CC105,Outside Services,Infrastructure,520833.33,APP005,SRV001,BU006,VEN006,
CST01360,2024-09,CC106,Software,Software,525000.0,APP006,SRV001,BU007,VEN007,
CST01361,2024-09,CC106,Internal Labor,People,350000.0,APP006,SRV001,BU007,,
CST01362,2024-09,CC106,Outside Services,Infrastructure,291666.67,APP006,SRV001,BU007,VEN007,
CST01363,2024-09,CC107,Software,Software,675000.0,APP007,SRV009,BU008,VEN008,
CST01364,2024-09,CC107,Internal Labor,People,450000.0,APP007,SRV009,BU008,,
CST01365,2024-09,CC107,Outside Services,Infrastructure,375000.0,APP007,SRV009,BU008,VEN008,
CST01366,2024-09,CC108,Software,Software,468750.0,APP008,SRV001,BU009,VEN009,PRJ009
CST01367,2024-09,CC108,Internal Labor,People,312500.0,APP008,SRV001,BU009,,
CST01368,2024-09,CC108,Outside Services,Infrastructure,260416.67,APP008,SRV001,BU009,VEN009,
CST01369,2024-09,CC109,Software,Software,356250.0,APP009,SRV006,BU010,VEN010,
CST01370,2024-09,CC109,Internal Labor,People,237500.0,APP009,SRV006,BU010,,
CST01371,2024-09,CC109,Outside Services,Infrastructure,197916.67,APP009,SRV006,BU010,VEN010,
CST01372,2024-09,CC100,Software,Software,600000.0,APP010,SRV006,BU001,VEN001,
CST01373,2024-09,CC100,Internal Labor,People,400000.0,APP010,SRV006,BU001,,
CST01374,2024-09,CC100,Outside Services,Cloud,333333.33,APP010,SRV006,BU001,VEN001,
CST01375,2024-09,CC101,Software,Software,1162500.0,APP011,SRV007,BU002,VEN002,
CST01376,2024-09,CC101,Internal Labor,People,775000.0,APP011,SRV007,BU002,,
CST01377,2024-09,CC101,Outside Services,Cloud,645833.33,APP011,SRV007,BU002,VEN002,
CST01378,2024-09,CC102,Software,Software,431250.0,APP012,SRV001,BU003,VEN003,PRJ013
CST01379,2024-09,CC102,Internal Labor,People,287500.0,APP012,SRV001,BU003,,
CST01380,2024-09,CC102,Outside Services,Cloud,239583.33,APP012,SRV001,BU003,VEN003,
CST01381,2024-09,CC103,Software,Software,1087500.0,APP013,SRV012,BU004,VEN004,
CST01382,2024-09,CC103,Internal Labor,People,725000.0,APP013,SRV012,BU004,,
CST01383,2024-09,CC103,Outside Services,Cloud,604166.67,APP013,SRV012,BU004,VEN004,
CST01384,2024-09,CC104,Software,Software,4635000.0,APP014,SRV011,BU005,VEN005,
CST01385,2024-09,CC104,Internal Labor,People,3090000.0,APP014,SRV011,BU005,,
CST01386,2024-09,CC104,Outside Services,Cloud,2575000.0,APP014,SRV011,BU005,VEN005,
CST01387,2024-09,CC105,Software,Software,787500.0,APP015,SRV018,BU006,VEN006,
CST01388,2024-09,CC105,Internal Labor,People,525000.0,APP015,SRV018,BU006,,
CST01389,2024-09,CC105,Outside Services,Infrastructure,437500.0,APP015,SRV018,BU006,VEN006,
CST01390,2024-09,CC106,Software,Software,581250.0,APP016,SRV018,BU007,VEN007,PRJ017
CST01391,2024-09,CC106,Internal Labor,People,387500.0,APP016,SRV018,BU007,,
CST01392,2024-09,CC106,Outside Services,Cloud,322916.67,APP016,SRV018,BU007,VEN007,
CST01393,2024-09,CC107,Software,Software,318750.0,APP017,SRV002,BU008,VEN008,
CST01394,2024-09,CC107,Internal Labor,People,212500.0,APP017,SRV002,BU008,,
CST01395,2024-09,CC107,Outside Services,Infrastructure,177083.33,APP017,SRV002,BU008,VEN008,
CST01396,2024-09,CC108,Software,Software,367500.0,APP018,SRV001,BU009,VEN009,
CST01397,2024-09,CC108,Internal Labor,People,245000.0,APP018,SRV001,BU009,,
CST01398,2024-09,CC108,Outside Services,Cloud,204166.67,APP018,SRV001,BU009,VEN009,
CST01399,2024-09,CC109,Software,Software,1425000.0,APP019,SRV009,BU010,VEN010,
CST01400,2024-09,CC109,Internal Labor,People,950000.0,APP019,SRV009,BU010,,
CST01401,2024-09,CC109,Outside Services,Infrastructure,791666.67,APP019,SRV009,BU010,VEN010,
CST01402,2024-09,CC100,Software,Software,975000.0,APP020,SRV015,BU001,VEN001,PRJ021
CST01403,2024-09,CC100,Internal Labor,People,650000.0,APP020,SRV015,BU001,,
CST01404,2024-09,CC100,Outside Services,Cloud,541666.67,APP020,SRV015,BU001,VEN001,
CST01405,2024-09,CC101,Software,Software,3150000.0,APP021,SRV007,BU002,VEN002,
CST01406,2024-09,CC101,Internal Labor,People,2100000.0,APP021,SRV007,BU002,,
CST01407,2024-09,CC101,Outside Services,Cloud,1750000.0,APP021,SRV007,BU002,VEN002,
CST01408,2024-09,CC102,Software,Software,2610000.0,APP022,SRV009,BU003,VEN003,
CST01409,2024-09,CC102,Internal Labor,People,1740000.0,APP022,SRV009,BU003,,
CST01410,2024-09,CC102,Outside Services,Cloud,1450000.0,APP022,SRV009,BU003,VEN003,
CST01411,2024-09,CC103,Software,Software,1031250.0,APP023,SRV012,BU004,VEN004,
CST01412,2024-09,CC103,Internal Labor,People,687500.0,APP023,SRV012,BU004,,
CST01413,2024-09,CC103,Outside Services,Cloud,572916.67,APP023,SRV012,BU004,VEN004,
CST01414,2024-09,CC104,Software,Software,712500.0,APP024,SRV002,BU005,VEN005,PRJ025
CST01415,2024-09,CC104,Internal Labor,People,475000.0,APP024,SRV002,BU005,,
CST01416,2024-09,CC104,Outside Services,Infrastructure,395833.33,APP024,SRV002,BU005,VEN005,
CST01417,2024-09,CC105,Software,Software,487500.0,APP025,SRV013,BU006,VEN006,
CST01418,2024-09,CC105,Internal Labor,People,325000.0,APP025,SRV013,BU006,,
CST01419,2024-09,CC105,Outside Services,Cloud,270833.33,APP025,SRV013,BU006,VEN006,
CST01420,2024-09,CC106,Software,Software,292500.0,APP026,SRV001,BU007,VEN007,
CST01421,2024-09,CC106,Internal Labor,People,195000.0,APP026,SRV001,BU007,,
CST01422,2024-09,CC106,Outside Services,Infrastructure,162500.0,APP026,SRV001,BU007,VEN007,
CST01423,2024-09,CC107,Software,Software,345000.0,APP027,SRV004,BU008,VEN008,
CST01424,2024-09,CC107,Internal Labor,People,230000.0,APP027,SRV004,BU008,,
CST01425,2024-09,CC107,Outside Services,Infrastructure,191666.67,APP027,SRV004,BU008,VEN008,
CST01426,2024-09,CC108,Software,Software,243750.0,APP028,SRV014,BU009,VEN009,PRJ029
CST01427,2024-09,CC108,Internal Labor,People,162500.0,APP028,SRV014,BU009,,
CST01428,2024-09,CC108,Outside Services,Infrastructure,135416.67,APP028,SRV014,BU009,VEN009,
CST01429,2024-09,CC109,Software,Software,693750.0,APP029,SRV010,BU010,VEN010,
CST01430,2024-09,CC109,Internal Labor,People,462500.0,APP029,SRV010,BU010,,
CST01431,2024-09,CC109,Outside Services,Cloud,385416.67,APP029,SRV010,BU010,VEN010,
CST01432,2024-09,CC100,Software,Software,843750.0,APP030,SRV009,BU001,VEN001,
CST01433,2024-09,CC100,Internal Labor,People,562500.0,APP030,SRV009,BU001,,
CST01434,2024-09,CC100,Outside Services,Infrastructure,468750.0,APP030,SRV009,BU001,VEN001,
CST01435,2024-09,CC101,Software,Software,217500.0,APP031,SRV008,BU002,VEN002,
CST01436,2024-09,CC101,Internal Labor,People,145000.0,APP031,SRV008,BU002,,
CST01437,2024-09,CC101,Outside Services,Cloud,120833.33,APP031,SRV008,BU002,VEN002,
CST01438,2024-09,CC102,Software,Software,420000.0,APP032,SRV008,BU003,VEN003,PRJ033
CST01439,2024-09,CC102,Internal Labor,People,280000.0,APP032,SRV008,BU003,,
CST01440,2024-09,CC102,Outside Services,Infrastructure,233333.33,APP032,SRV008,BU003,VEN003,
CST01441,2024-09,CC103,Software,Software,356250.0,APP033,SRV008,BU004,VEN004,
CST01442,2024-09,CC103,Internal Labor,People,237500.0,APP033,SRV008,BU004,,
CST01443,2024-09,CC103,Outside Services,Cloud,197916.67,APP033,SRV008,BU004,VEN004,
CST01444,2024-09,CC104,Software,Software,506250.0,APP034,SRV003,BU005,VEN005,
CST01445,2024-09,CC104,Internal Labor,People,337500.0,APP034,SRV003,BU005,,
CST01446,2024-09,CC104,Outside Services,Infrastructure,281250.0,APP034,SRV003,BU005,VEN005,
CST01447,2024-09,CC105,Software,Software,712500.0,APP035,SRV012,BU006,VEN006,
CST01448,2024-09,CC105,Internal Labor,People,475000.0,APP035,SRV012,BU006,,
CST01449,2024-09,CC105,Outside Services,Cloud,395833.33,APP035,SRV012,BU006,VEN006,
CST01450,2024-09,CC106,Software,Software,618750.0,APP036,SRV011,BU007,VEN007,PRJ037
CST01451,2024-09,CC106,Internal Labor,People,412500.0,APP036,SRV011,BU007,,
CST01452,2024-09,CC106,Outside Services,Infrastructure,343750.0,APP036,SRV011,BU007,VEN007,
CST01453,2024-09,CC107,Software,Software,532500.0,APP037,SRV004,BU008,VEN008,
CST01454,2024-09,CC107,Internal Labor,People,355000.0,APP037,SRV004,BU008,,
CST01455,2024-09,CC107,Outside Services,Infrastructure,295833.33,APP037,SRV004,BU008,VEN008,
CST01456,2024-09,CC108,Software,Software,255000.0,APP038,SRV007,BU009,VEN009,
CST01457,2024-09,CC108,Internal Labor,People,170000.0,APP038,SRV007,BU009,,
CST01458,2024-09,CC108,Outside Services,Infrastructure,141666.67,APP038,SRV007,BU009,VEN009,
CST01459,2024-09,CC109,Software,Software,1275000.0,APP039,SRV007,BU010,VEN010,
CST01460,2024-09,CC109,Internal Labor,People,850000.0,APP039,SRV007,BU010,,
CST01461,2024-09,CC109,Outside Services,Cloud,708333.33,APP039,SRV007,BU010,VEN010,
CST01462,2024-09,CC100,Software,Software,333750.0,APP040,SRV010,BU001,VEN001,PRJ001
CST01463,2024-09,CC100,Internal Labor,People,222500.0,APP040,SRV010,BU001,,
CST01464,2024-09,CC100,Outside Services,Cloud,185416.67,APP040,SRV010,BU001,VEN001,
CST01465,2024-09,CC101,Software,Software,862500.0,APP041,SRV018,BU002,VEN002,
CST01466,2024-09,CC101,Internal Labor,People,575000.0,APP041,SRV018,BU002,,
CST01467,2024-09,CC101,Outside Services,Infrastructure,479166.67,APP041,SRV018,BU002,VEN002,
CST01468,2024-09,CC102,Software,Software,191250.0,APP042,SRV014,BU003,VEN003,
CST01469,2024-09,CC102,Internal Labor,People,127500.0,APP042,SRV014,BU003,,
CST01470,2024-09,CC102,Outside Services,Infrastructure,106250.0,APP042,SRV014,BU003,VEN003,
CST01471,2024-09,CC103,Software,Software,157500.0,APP043,SRV001,BU004,VEN004,
CST01472,2024-09,CC103,Internal Labor,People,105000.0,APP043,SRV001,BU004,,
CST01473,2024-09,CC103,Outside Services,Infrastructure,87500.0,APP043,SRV001,BU004,VEN004,
CST01474,2024-09,CC104,Software,Software,142500.0,APP044,SRV004,BU005,VEN005,PRJ005
CST01475,2024-09,CC104,Internal Labor,People,95000.0,APP044,SRV004,BU005,,
CST01476,2024-09,CC104,Outside Services,Infrastructure,79166.67,APP044,SRV004,BU005,VEN005,
CST01477,2024-09,CC105,Software,Software,382500.0,APP045,SRV009,BU006,VEN006,
CST01478,2024-09,CC105,Internal Labor,People,255000.0,APP045,SRV009,BU006,,
CST01479,2024-09,CC105,Outside Services,Infrastructure,212500.0,APP045,SRV009,BU006,VEN006,
CST01480,2024-09,CC106,Software,Software,183750.0,APP046,SRV009,BU007,VEN007,
CST01481,2024-09,CC106,Internal Labor,People,122500.0,APP046,SRV009,BU007,,
CST01482,2024-09,CC106,Outside Services,Cloud,102083.33,APP046,SRV009,BU007,VEN007,
CST01483,2024-09,CC107,Software,Software,270000.0,APP047,SRV003,BU008,VEN008,
CST01484,2024-09,CC107,Internal Labor,People,180000.0,APP047,SRV003,BU008,,
CST01485,2024-09,CC107,Outside Services,Cloud,150000.0,APP047,SRV003,BU008,VEN008,
CST01486,2024-09,CC108,Software,Software,116250.0,APP048,SRV014,BU009,VEN009,PRJ009
CST01487,2024-09,CC108,Internal Labor,People,77500.0,APP048,SRV014,BU009,,
CST01488,2024-09,CC108,Outside Services,Infrastructure,64583.33,APP048,SRV014,BU009,VEN009,
CST01489,2024-09,CC109,Software,Software,918750.0,APP049,SRV015,BU010,VEN010,
CST01490,2024-09,CC109,Internal Labor,People,612500.0,APP049,SRV015,BU010,,
CST01491,2024-09,CC109,Outside Services,Infrastructure,510416.67,APP049,SRV015,BU010,VEN010,
CST01492,2024-09,CC100,Software,Software,480000.0,APP050,SRV015,BU001,VEN001,
CST01493,2024-09,CC100,Internal Labor,People,320000.0,APP050,SRV015,BU001,,
CST01494,2024-09,CC100,Outside Services,Infrastructure,266666.67,APP050,SRV015,BU001,VEN001,
CST01495,2024-09,CC200,Outside Services,Infrastructure,1500000.0,,SRV001,BU006,VEN001,
CST01496,2024-09,CC201,Outside Services,Infrastructure,1620000.0,,SRV002,BU006,VEN002,
CST01497,2024-09,CC202,Outside Services,Infrastructure,1740000.0,,SRV003,BU006,VEN003,
CST01498,2024-09,CC203,Outside Services,Infrastructure,1860000.0,,SRV004,BU006,VEN004,
CST01499,2024-09,CC204,Outside Services,Infrastructure,1980000.0,,SRV005,BU006,VEN005,
CST01500,2024-09,CC205,Outside Services,Infrastructure,2100000.0,,SRV006,BU006,VEN006,
CST01501,2024-09,CC206,Outside Services,Infrastructure,2220000.0,,SRV007,BU006,VEN007,
CST01502,2024-09,CC207,Outside Services,Infrastructure,2340000.0,,SRV008,BU006,VEN008,
CST01503,2024-09,CC208,Outside Services,Infrastructure,2460000.0,,SRV009,BU006,VEN009,
CST01504,2024-09,CC209,Outside Services,Infrastructure,2580000.0,,SRV010,BU006,VEN010,
CST01505,2024-09,CC210,Outside Services,Infrastructure,2700000.0,,SRV011,BU006,VEN001,
CST01506,2024-09,CC211,Outside Services,Infrastructure,2820000.0,,SRV012,BU006,VEN002,
CST01507,2024-09,CC212,Outside Services,Infrastructure,2940000.0,,SRV013,BU006,VEN003,
CST01508,2024-09,CC213,Outside Services,Infrastructure,3060000.0,,SRV014,BU006,VEN004,
CST01509,2024-09,CC214,Outside Services,Infrastructure,3180000.0,,SRV015,BU006,VEN005,
CST01510,2024-09,CC215,Outside Services,Infrastructure,3300000.0,,SRV016,BU006,VEN006,
CST01511,2024-09,CC216,Outside Services,Infrastructure,3420000.0,,SRV017,BU006,VEN007,
CST01512,2024-09,CC217,Outside Services,Infrastructure,3540000.0,,SRV018,BU006,VEN008,
CST01513,2024-10,CC101,Software,Software,5625000.0,APP001,SRV012,BU002,VEN002,
CST01514,2024-10,CC101,Internal Labor,People,3750000.0,APP001,SRV012,BU002,,
CST01515,2024-10,CC101,Outside Services,Cloud,3125000.0,APP001,SRV012,BU002,VEN002,
CST01516,2024-10,CC102,Software,Software,1050000.0,APP002,SRV002,BU003,VEN003,
CST01517,2024-10,CC102,Internal Labor,People,700000.0,APP002,SRV002,BU003,,
CST01518,2024-10,CC102,Outside Services,Infrastructure,583333.33,APP002,SRV002,BU003,VEN003,
CST01519,2024-10,CC103,Software,Software,731250.0,APP003,SRV016,BU004,VEN004,
CST01520,2024-10,CC103,Internal Labor,People,487500.0,APP003,SRV016,BU004,,
CST01521,2024-10,CC103,Outside Services,Cloud,406250.0,APP003,SRV016,BU004,VEN004,
CST01522,2024-10,CC104,Software,Software,825000.0,APP004,SRV011,BU005,VEN005,PRJ005
CST01523,2024-10,CC104,Internal Labor,People,550000.0,APP004,SRV011,BU005,,
CST01524,2024-10,CC104,Outside Services,Cloud,458333.33,APP004,SRV011,BU005,VEN005,
CST01525,2024-10,CC105,Software,Software,937500.0,APP005,SRV001,BU006,VEN006,
CST01526,2024-10,CC105,Internal Labor,People,625000.0,APP005,SRV001,BU006,,
CST01527,2024-10,CC105,Outside Services,Infrastructure,520833.33,APP005,SRV001,BU006,VEN006,
CST01528,2024-10,CC106,Software,Software,525000.0,APP006,SRV001,BU007,VEN007,
CST01529,2024-10,CC106,Internal Labor,People,350000.0,APP006,SRV001,BU007,,
CST01530,2024-10,CC106,Outside Services,Infrastructure,291666.67,APP006,SRV001,BU007,VEN007,
CST01531,2024-10,CC107,Software,Software,675000.0,APP007,SRV009,BU008,VEN008,
CST01532,2024-10,CC107,Internal Labor,People,450000.0,APP007,SRV009,BU008,,
CST01533,2024-10,CC107,Outside Services,Infrastructure,375000.0,APP007,SRV009,BU008,VEN008,
CST01534,2024-10,CC108,Software,Software,468750.0,APP008,SRV001,BU009,VEN009,PRJ009
CST01535,2024-10,CC108,Internal Labor,People,312500.0,APP008,SRV001,BU009,,
CST01536,2024-10,CC108,Outside Services,Infrastructure,260416.67,APP008,SRV001,BU009,VEN009,
CST01537,2024-10,CC109,Software,Software,356250.0,APP009,SRV006,BU010,VEN010,
CST01538,2024-10,CC109,Internal Labor,People,237500.0,APP009,SRV006,BU010,,
CST01539,2024-10,CC109,Outside Services,Infrastructure,197916.67,APP009,SRV006,BU010,VEN010,
CST01540,2024-10,CC100,Software,Software,600000.0,APP010,SRV006,BU001,VEN001,
CST01541,2024-10,CC100,Internal Labor,People,400000.0,APP010,SRV006,BU001,,
CST01542,2024-10,CC100,Outside Services,Cloud,333333.33,APP010,SRV006,BU001,VEN001,
CST01543,2024-10,CC101,Software,Software,1162500.0,APP011,SRV007,BU002,VEN002,
CST01544,2024-10,CC101,Internal Labor,People,775000.0,APP011,SRV007,BU002,,
CST01545,2024-10,CC101,Outside Services,Cloud,645833.33,APP011,SRV007,BU002,VEN002,
CST01546,2024-10,CC102,Software,Software,431250.0,APP012,SRV001,BU003,VEN003,PRJ013
CST01547,2024-10,CC102,Internal Labor,People,287500.0,APP012,SRV001,BU003,,
CST01548,2024-10,CC102,Outside Services,Cloud,239583.33,APP012,SRV001,BU003,VEN003,
CST01549,2024-10,CC103,Software,Software,1087500.0,APP013,SRV012,BU004,VEN004,
CST01550,2024-10,CC103,Internal Labor,People,725000.0,APP013,SRV012,BU004,,
CST01551,2024-10,CC103,Outside Services,Cloud,604166.67,APP013,SRV012,BU004,VEN004,
CST01552,2024-10,CC104,Software,Software,4995000.0,APP014,SRV011,BU005,VEN005,
CST01553,2024-10,CC104,Internal Labor,People,3330000.0,APP014,SRV011,BU005,,
CST01554,2024-10,CC104,Outside Services,Cloud,2775000.0,APP014,SRV011,BU005,VEN005,
CST01555,2024-10,CC105,Software,Software,787500.0,APP015,SRV018,BU006,VEN006,
CST01556,2024-10,CC105,Internal Labor,People,525000.0,APP015,SRV018,BU006,,
CST01557,2024-10,CC105,Outside Services,Infrastructure,437500.0,APP015,SRV018,BU006,VEN006,
CST01558,2024-10,CC106,Software,Software,581250.0,APP016,SRV018,BU007,VEN007,PRJ017
CST01559,2024-10,CC106,Internal Labor,People,387500.0,APP016,SRV018,BU007,,
CST01560,2024-10,CC106,Outside Services,Cloud,322916.67,APP016,SRV018,BU007,VEN007,
CST01561,2024-10,CC107,Software,Software,318750.0,APP017,SRV002,BU008,VEN008,
CST01562,2024-10,CC107,Internal Labor,People,212500.0,APP017,SRV002,BU008,,
CST01563,2024-10,CC107,Outside Services,Infrastructure,177083.33,APP017,SRV002,BU008,VEN008,
CST01564,2024-10,CC108,Software,Software,367500.0,APP018,SRV001,BU009,VEN009,
CST01565,2024-10,CC108,Internal Labor,People,245000.0,APP018,SRV001,BU009,,
CST01566,2024-10,CC108,Outside Services,Cloud,204166.67,APP018,SRV001,BU009,VEN009,
CST01567,2024-10,CC109,Software,Software,1425000.0,APP019,SRV009,BU010,VEN010,
CST01568,2024-10,CC109,Internal Labor,People,950000.0,APP019,SRV009,BU010,,
CST01569,2024-10,CC109,Outside Services,Infrastructure,791666.67,APP019,SRV009,BU010,VEN010,
CST01570,2024-10,CC100,Software,Software,975000.0,APP020,SRV015,BU001,VEN001,PRJ021
CST01571,2024-10,CC100,Internal Labor,People,650000.0,APP020,SRV015,BU001,,
CST01572,2024-10,CC100,Outside Services,Cloud,541666.67,APP020,SRV015,BU001,VEN001,
CST01573,2024-10,CC101,Software,Software,3150000.0,APP021,SRV007,BU002,VEN002,
CST01574,2024-10,CC101,Internal Labor,People,2100000.0,APP021,SRV007,BU002,,
CST01575,2024-10,CC101,Outside Services,Cloud,1750000.0,APP021,SRV007,BU002,VEN002,
CST01576,2024-10,CC102,Software,Software,2610000.0,APP022,SRV009,BU003,VEN003,
CST01577,2024-10,CC102,Internal Labor,People,1740000.0,APP022,SRV009,BU003,,
CST01578,2024-10,CC102,Outside Services,Cloud,1450000.0,APP022,SRV009,BU003,VEN003,
CST01579,2024-10,CC103,Software,Software,1031250.0,APP023,SRV012,BU004,VEN004,
CST01580,2024-10,CC103,Internal Labor,People,687500.0,APP023,SRV012,BU004,,
CST01581,2024-10,CC103,Outside Services,Cloud,572916.67,APP023,SRV012,BU004,VEN004,
CST01582,2024-10,CC104,Software,Software,712500.0,APP024,SRV002,BU005,VEN005,PRJ025
CST01583,2024-10,CC104,Internal Labor,People,475000.0,APP024,SRV002,BU005,,
CST01584,2024-10,CC104,Outside Services,Infrastructure,395833.33,APP024,SRV002,BU005,VEN005,
CST01585,2024-10,CC105,Software,Software,487500.0,APP025,SRV013,BU006,VEN006,
CST01586,2024-10,CC105,Internal Labor,People,325000.0,APP025,SRV013,BU006,,
CST01587,2024-10,CC105,Outside Services,Cloud,270833.33,APP025,SRV013,BU006,VEN006,
CST01588,2024-10,CC106,Software,Software,292500.0,APP026,SRV001,BU007,VEN007,
CST01589,2024-10,CC106,Internal Labor,People,195000.0,APP026,SRV001,BU007,,
CST01590,2024-10,CC106,Outside Services,Infrastructure,162500.0,APP026,SRV001,BU007,VEN007,
CST01591,2024-10,CC107,Software,Software,345000.0,APP027,SRV004,BU008,VEN008,
CST01592,2024-10,CC107,Internal Labor,People,230000.0,APP027,SRV004,BU008,,
CST01593,2024-10,CC107,Outside Services,Infrastructure,191666.67,APP027,SRV004,BU008,VEN008,
CST01594,2024-10,CC108,Software,Software,243750.0,APP028,SRV014,BU009,VEN009,PRJ029
CST01595,2024-10,CC108,Internal Labor,People,162500.0,APP028,SRV014,BU009,,
CST01596,2024-10,CC108,Outside Services,Infrastructure,135416.67,APP028,SRV014,BU009,VEN009,
CST01597,2024-10,CC109,Software,Software,693750.0,APP029,SRV010,BU010,VEN010,
CST01598,2024-10,CC109,Internal Labor,People,462500.0,APP029,SRV010,BU010,,
CST01599,2024-10,CC109,Outside Services,Cloud,385416.67,APP029,SRV010,BU010,VEN010,
CST01600,2024-10,CC100,Software,Software,843750.0,APP030,SRV009,BU001,VEN001,
CST01601,2024-10,CC100,Internal Labor,People,562500.0,APP030,SRV009,BU001,,
CST01602,2024-10,CC100,Outside Services,Infrastructure,468750.0,APP030,SRV009,BU001,VEN001,
CST01603,2024-10,CC101,Software,Software,217500.0,APP031,SRV008,BU002,VEN002,
CST01604,2024-10,CC101,Internal Labor,People,145000.0,APP031,SRV008,BU002,,
CST01605,2024-10,CC101,Outside Services,Cloud,120833.33,APP031,SRV008,BU002,VEN002,
CST01606,2024-10,CC102,Software,Software,420000.0,APP032,SRV008,BU003,VEN003,PRJ033
CST01607,2024-10,CC102,Internal Labor,People,280000.0,APP032,SRV008,BU003,,
CST01608,2024-10,CC102,Outside Services,Infrastructure,233333.33,APP032,SRV008,BU003,VEN003,
CST01609,2024-10,CC103,Software,Software,356250.0,APP033,SRV008,BU004,VEN004,
CST01610,2024-10,CC103,Internal Labor,People,237500.0,APP033,SRV008,BU004,,
CST01611,2024-10,CC103,Outside Services,Cloud,197916.67,APP033,SRV008,BU004,VEN004,
CST01612,2024-10,CC104,Software,Software,506250.0,APP034,SRV003,BU005,VEN005,
CST01613,2024-10,CC104,Internal Labor,People,337500.0,APP034,SRV003,BU005,,
CST01614,2024-10,CC104,Outside Services,Infrastructure,281250.0,APP034,SRV003,BU005,VEN005,
CST01615,2024-10,CC105,Software,Software,712500.0,APP035,SRV012,BU006,VEN006,
CST01616,2024-10,CC105,Internal Labor,People,475000.0,APP035,SRV012,BU006,,
CST01617,2024-10,CC105,Outside Services,Cloud,395833.33,APP035,SRV012,BU006,VEN006,
CST01618,2024-10,CC106,Software,Software,618750.0,APP036,SRV011,BU007,VEN007,PRJ037
CST01619,2024-10,CC106,Internal Labor,People,412500.0,APP036,SRV011,BU007,,
CST01620,2024-10,CC106,Outside Services,Infrastructure,343750.0,APP036,SRV011,BU007,VEN007,
CST01621,2024-10,CC107,Software,Software,532500.0,APP037,SRV004,BU008,VEN008,
CST01622,2024-10,CC107,Internal Labor,People,355000.0,APP037,SRV004,BU008,,
CST01623,2024-10,CC107,Outside Services,Infrastructure,295833.33,APP037,SRV004,BU008,VEN008,
CST01624,2024-10,CC108,Software,Software,255000.0,APP038,SRV007,BU009,VEN009,
CST01625,2024-10,CC108,Internal Labor,People,170000.0,APP038,SRV007,BU009,,
CST01626,2024-10,CC108,Outside Services,Infrastructure,141666.67,APP038,SRV007,BU009,VEN009,
CST01627,2024-10,CC109,Software,Software,1275000.0,APP039,SRV007,BU010,VEN010,
CST01628,2024-10,CC109,Internal Labor,People,850000.0,APP039,SRV007,BU010,,
CST01629,2024-10,CC109,Outside Services,Cloud,708333.33,APP039,SRV007,BU010,VEN010,
CST01630,2024-10,CC100,Software,Software,333750.0,APP040,SRV010,BU001,VEN001,PRJ001
CST01631,2024-10,CC100,Internal Labor,People,222500.0,APP040,SRV010,BU001,,
CST01632,2024-10,CC100,Outside Services,Cloud,185416.67,APP040,SRV010,BU001,VEN001,
CST01633,2024-10,CC101,Software,Software,862500.0,APP041,SRV018,BU002,VEN002,
CST01634,2024-10,CC101,Internal Labor,People,575000.0,APP041,SRV018,BU002,,
CST01635,2024-10,CC101,Outside Services,Infrastructure,479166.67,APP041,SRV018,BU002,VEN002,
CST01636,2024-10,CC102,Software,Software,191250.0,APP042,SRV014,BU003,VEN003,
CST01637,2024-10,CC102,Internal Labor,People,127500.0,APP042,SRV014,BU003,,
CST01638,2024-10,CC102,Outside Services,Infrastructure,106250.0,APP042,SRV014,BU003,VEN003,
CST01639,2024-10,CC103,Software,Software,157500.0,APP043,SRV001,BU004,VEN004,
CST01640,2024-10,CC103,Internal Labor,People,105000.0,APP043,SRV001,BU004,,
CST01641,2024-10,CC103,Outside Services,Infrastructure,87500.0,APP043,SRV001,BU004,VEN004,
CST01642,2024-10,CC104,Software,Software,142500.0,APP044,SRV004,BU005,VEN005,PRJ005
CST01643,2024-10,CC104,Internal Labor,People,95000.0,APP044,SRV004,BU005,,
CST01644,2024-10,CC104,Outside Services,Infrastructure,79166.67,APP044,SRV004,BU005,VEN005,
CST01645,2024-10,CC105,Software,Software,382500.0,APP045,SRV009,BU006,VEN006,
CST01646,2024-10,CC105,Internal Labor,People,255000.0,APP045,SRV009,BU006,,
CST01647,2024-10,CC105,Outside Services,Infrastructure,212500.0,APP045,SRV009,BU006,VEN006,
CST01648,2024-10,CC106,Software,Software,183750.0,APP046,SRV009,BU007,VEN007,
CST01649,2024-10,CC106,Internal Labor,People,122500.0,APP046,SRV009,BU007,,
CST01650,2024-10,CC106,Outside Services,Cloud,102083.33,APP046,SRV009,BU007,VEN007,
CST01651,2024-10,CC107,Software,Software,270000.0,APP047,SRV003,BU008,VEN008,
CST01652,2024-10,CC107,Internal Labor,People,180000.0,APP047,SRV003,BU008,,
CST01653,2024-10,CC107,Outside Services,Cloud,150000.0,APP047,SRV003,BU008,VEN008,
CST01654,2024-10,CC108,Software,Software,116250.0,APP048,SRV014,BU009,VEN009,PRJ009
CST01655,2024-10,CC108,Internal Labor,People,77500.0,APP048,SRV014,BU009,,
CST01656,2024-10,CC108,Outside Services,Infrastructure,64583.33,APP048,SRV014,BU009,VEN009,
CST01657,2024-10,CC109,Software,Software,918750.0,APP049,SRV015,BU010,VEN010,
CST01658,2024-10,CC109,Internal Labor,People,612500.0,APP049,SRV015,BU010,,
CST01659,2024-10,CC109,Outside Services,Infrastructure,510416.67,APP049,SRV015,BU010,VEN010,
CST01660,2024-10,CC100,Software,Software,480000.0,APP050,SRV015,BU001,VEN001,
CST01661,2024-10,CC100,Internal Labor,People,320000.0,APP050,SRV015,BU001,,
CST01662,2024-10,CC100,Outside Services,Infrastructure,266666.67,APP050,SRV015,BU001,VEN001,
CST01663,2024-10,CC200,Outside Services,Infrastructure,1500000.0,,SRV001,BU006,VEN001,
CST01664,2024-10,CC201,Outside Services,Infrastructure,1620000.0,,SRV002,BU006,VEN002,
CST01665,2024-10,CC202,Outside Services,Infrastructure,1740000.0,,SRV003,BU006,VEN003,
CST01666,2024-10,CC203,Outside Services,Infrastructure,1860000.0,,SRV004,BU006,VEN004,
CST01667,2024-10,CC204,Outside Services,Infrastructure,1980000.0,,SRV005,BU006,VEN005,
CST01668,2024-10,CC205,Outside Services,Infrastructure,2100000.0,,SRV006,BU006,VEN006,
CST01669,2024-10,CC206,Outside Services,Infrastructure,2220000.0,,SRV007,BU006,VEN007,
CST01670,2024-10,CC207,Outside Services,Infrastructure,2340000.0,,SRV008,BU006,VEN008,
CST01671,2024-10,CC208,Outside Services,Infrastructure,2460000.0,,SRV009,BU006,VEN009,
CST01672,2024-10,CC209,Outside Services,Infrastructure,2580000.0,,SRV010,BU006,VEN010,
CST01673,2024-10,CC210,Outside Services,Infrastructure,2700000.0,,SRV011,BU006,VEN001,
CST01674,2024-10,CC211,Outside Services,Infrastructure,2820000.0,,SRV012,BU006,VEN002,
CST01675,2024-10,CC212,Outside Services,Infrastructure,2940000.0,,SRV013,BU006,VEN003,
CST01676,2024-10,CC213,Outside Services,Infrastructure,3060000.0,,SRV014,BU006,VEN004,
CST01677,2024-10,CC214,Outside Services,Infrastructure,3180000.0,,SRV015,BU006,VEN005,
CST01678,2024-10,CC215,Outside Services,Infrastructure,3300000.0,,SRV016,BU006,VEN006,
CST01679,2024-10,CC216,Outside Services,Infrastructure,3420000.0,,SRV017,BU006,VEN007,
CST01680,2024-10,CC217,Outside Services,Infrastructure,3540000.0,,SRV018,BU006,VEN008,
CST01681,2024-11,CC101,Software,Software,5625000.0,APP001,SRV012,BU002,VEN002,
CST01682,2024-11,CC101,Internal Labor,People,3750000.0,APP001,SRV012,BU002,,
CST01683,2024-11,CC101,Outside Services,Cloud,3125000.0,APP001,SRV012,BU002,VEN002,
CST01684,2024-11,CC102,Software,Software,1050000.0,APP002,SRV002,BU003,VEN003,
CST01685,2024-11,CC102,Internal Labor,People,700000.0,APP002,SRV002,BU003,,
CST01686,2024-11,CC102,Outside Services,Infrastructure,583333.33,APP002,SRV002,BU003,VEN003,
CST01687,2024-11,CC103,Software,Software,731250.0,APP003,SRV016,BU004,VEN004,
CST01688,2024-11,CC103,Internal Labor,People,487500.0,APP003,SRV016,BU004,,
CST01689,2024-11,CC103,Outside Services,Cloud,406250.0,APP003,SRV016,BU004,VEN004,
CST01690,2024-11,CC104,Software,Software,825000.0,APP004,SRV011,BU005,VEN005,PRJ005
CST01691,2024-11,CC104,Internal Labor,People,550000.0,APP004,SRV011,BU005,,
CST01692,2024-11,CC104,Outside Services,Cloud,458333.33,APP004,SRV011,BU005,VEN005,
CST01693,2024-11,CC105,Software,Software,937500.0,APP005,SRV001,BU006,VEN006,
CST01694,2024-11,CC105,Internal Labor,People,625000.0,APP005,SRV001,BU006,,
CST01695,2024-11,CC105,Outside Services,Infrastructure,520833.33,APP005,SRV001,BU006,VEN006,
CST01696,2024-11,CC106,Software,Software,525000.0,APP006,SRV001,BU007,VEN007,
CST01697,2024-11,CC106,Internal Labor,People,350000.0,APP006,SRV001,BU007,,
CST01698,2024-11,CC106,Outside Services,Infrastructure,291666.67,APP006,SRV001,BU007,VEN007,
CST01699,2024-11,CC107,Software,Software,675000.0,APP007,SRV009,BU008,VEN008,
CST01700,2024-11,CC107,Internal Labor,People,450000.0,APP007,SRV009,BU008,,
CST01701,2024-11,CC107,Outside Services,Infrastructure,375000.0,APP007,SRV009,BU008,VEN008,
CST01702,2024-11,CC108,Software,Software,468750.0,APP008,SRV001,BU009,VEN009,PRJ009
CST01703,2024-11,CC108,Internal Labor,People,312500.0,APP008,SRV001,BU009,,
CST01704,2024-11,CC108,Outside Services,Infrastructure,260416.67,APP008,SRV001,BU009,VEN009,
CST01705,2024-11,CC109,Software,Software,356250.0,APP009,SRV006,BU010,VEN010,
CST01706,2024-11,CC109,Internal Labor,People,237500.0,APP009,SRV006,BU010,,
CST01707,2024-11,CC109,Outside Services,Infrastructure,197916.67,APP009,SRV006,BU010,VEN010,
CST01708,2024-11,CC100,Software,Software,600000.0,APP010,SRV006,BU001,VEN001,
CST01709,2024-11,CC100,Internal Labor,People,400000.0,APP010,SRV006,BU001,,
CST01710,2024-11,CC100,Outside Services,Cloud,333333.33,APP010,SRV006,BU001,VEN001,
CST01711,2024-11,CC101,Software,Software,1162500.0,APP011,SRV007,BU002,VEN002,
CST01712,2024-11,CC101,Internal Labor,People,775000.0,APP011,SRV007,BU002,,
CST01713,2024-11,CC101,Outside Services,Cloud,645833.33,APP011,SRV007,BU002,VEN002,
CST01714,2024-11,CC102,Software,Software,431250.0,APP012,SRV001,BU003,VEN003,PRJ013
CST01715,2024-11,CC102,Internal Labor,People,287500.0,APP012,SRV001,BU003,,
CST01716,2024-11,CC102,Outside Services,Cloud,239583.33,APP012,SRV001,BU003,VEN003,
CST01717,2024-11,CC103,Software,Software,1087500.0,APP013,SRV012,BU004,VEN004,
CST01718,2024-11,CC103,Internal Labor,People,725000.0,APP013,SRV012,BU004,,
CST01719,2024-11,CC103,Outside Services,Cloud,604166.67,APP013,SRV012,BU004,VEN004,
CST01720,2024-11,CC104,Software,Software,5355000.0,APP014,SRV011,BU005,VEN005,
CST01721,2024-11,CC104,Internal Labor,People,3570000.0,APP014,SRV011,BU005,,
CST01722,2024-11,CC104,Outside Services,Cloud,2975000.0,APP014,SRV011,BU005,VEN005,
CST01723,2024-11,CC105,Software,Software,787500.0,APP015,SRV018,BU006,VEN006,
CST01724,2024-11,CC105,Internal Labor,People,525000.0,APP015,SRV018,BU006,,
CST01725,2024-11,CC105,Outside Services,Infrastructure,437500.0,APP015,SRV018,BU006,VEN006,
CST01726,2024-11,CC106,Software,Software,581250.0,APP016,SRV018,BU007,VEN007,PRJ017
CST01727,2024-11,CC106,Internal Labor,People,387500.0,APP016,SRV018,BU007,,
CST01728,2024-11,CC106,Outside Services,Cloud,322916.67,APP016,SRV018,BU007,VEN007,
CST01729,2024-11,CC107,Software,Software,318750.0,APP017,SRV002,BU008,VEN008,
CST01730,2024-11,CC107,Internal Labor,People,212500.0,APP017,SRV002,BU008,,
CST01731,2024-11,CC107,Outside Services,Infrastructure,177083.33,APP017,SRV002,BU008,VEN008,
CST01732,2024-11,CC108,Software,Software,367500.0,APP018,SRV001,BU009,VEN009,
CST01733,2024-11,CC108,Internal Labor,People,245000.0,APP018,SRV001,BU009,,
CST01734,2024-11,CC108,Outside Services,Cloud,204166.67,APP018,SRV001,BU009,VEN009,
CST01735,2024-11,CC109,Software,Software,1425000.0,APP019,SRV009,BU010,VEN010,
CST01736,2024-11,CC109,Internal Labor,People,950000.0,APP019,SRV009,BU010,,
CST01737,2024-11,CC109,Outside Services,Infrastructure,791666.67,APP019,SRV009,BU010,VEN010,
CST01738,2024-11,CC100,Software,Software,975000.0,APP020,SRV015,BU001,VEN001,PRJ021
CST01739,2024-11,CC100,Internal Labor,People,650000.0,APP020,SRV015,BU001,,
CST01740,2024-11,CC100,Outside Services,Cloud,541666.67,APP020,SRV015,BU001,VEN001,
CST01741,2024-11,CC101,Software,Software,3150000.0,APP021,SRV007,BU002,VEN002,
CST01742,2024-11,CC101,Internal Labor,People,2100000.0,APP021,SRV007,BU002,,
CST01743,2024-11,CC101,Outside Services,Cloud,1750000.0,APP021,SRV007,BU002,VEN002,
CST01744,2024-11,CC102,Software,Software,2610000.0,APP022,SRV009,BU003,VEN003,
CST01745,2024-11,CC102,Internal Labor,People,1740000.0,APP022,SRV009,BU003,,
CST01746,2024-11,CC102,Outside Services,Cloud,1450000.0,APP022,SRV009,BU003,VEN003,
CST01747,2024-11,CC103,Software,Software,1031250.0,APP023,SRV012,BU004,VEN004,
CST01748,2024-11,CC103,Internal Labor,People,687500.0,APP023,SRV012,BU004,,
CST01749,2024-11,CC103,Outside Services,Cloud,572916.67,APP023,SRV012,BU004,VEN004,
CST01750,2024-11,CC104,Software,Software,712500.0,APP024,SRV002,BU005,VEN005,PRJ025
CST01751,2024-11,CC104,Internal Labor,People,475000.0,APP024,SRV002,BU005,,
CST01752,2024-11,CC104,Outside Services,Infrastructure,395833.33,APP024,SRV002,BU005,VEN005,
CST01753,2024-11,CC105,Software,Software,487500.0,APP025,SRV013,BU006,VEN006,
CST01754,2024-11,CC105,Internal Labor,People,325000.0,APP025,SRV013,BU006,,
CST01755,2024-11,CC105,Outside Services,Cloud,270833.33,APP025,SRV013,BU006,VEN006,
CST01756,2024-11,CC106,Software,Software,292500.0,APP026,SRV001,BU007,VEN007,
CST01757,2024-11,CC106,Internal Labor,People,195000.0,APP026,SRV001,BU007,,
CST01758,2024-11,CC106,Outside Services,Infrastructure,162500.0,APP026,SRV001,BU007,VEN007,
CST01759,2024-11,CC107,Software,Software,345000.0,APP027,SRV004,BU008,VEN008,
CST01760,2024-11,CC107,Internal Labor,People,230000.0,APP027,SRV004,BU008,,
CST01761,2024-11,CC107,Outside Services,Infrastructure,191666.67,APP027,SRV004,BU008,VEN008,
CST01762,2024-11,CC108,Software,Software,243750.0,APP028,SRV014,BU009,VEN009,PRJ029
CST01763,2024-11,CC108,Internal Labor,People,162500.0,APP028,SRV014,BU009,,
CST01764,2024-11,CC108,Outside Services,Infrastructure,135416.67,APP028,SRV014,BU009,VEN009,
CST01765,2024-11,CC109,Software,Software,693750.0,APP029,SRV010,BU010,VEN010,
CST01766,2024-11,CC109,Internal Labor,People,462500.0,APP029,SRV010,BU010,,
CST01767,2024-11,CC109,Outside Services,Cloud,385416.67,APP029,SRV010,BU010,VEN010,
CST01768,2024-11,CC100,Software,Software,843750.0,APP030,SRV009,BU001,VEN001,
CST01769,2024-11,CC100,Internal Labor,People,562500.0,APP030,SRV009,BU001,,
CST01770,2024-11,CC100,Outside Services,Infrastructure,468750.0,APP030,SRV009,BU001,VEN001,
CST01771,2024-11,CC101,Software,Software,217500.0,APP031,SRV008,BU002,VEN002,
CST01772,2024-11,CC101,Internal Labor,People,145000.0,APP031,SRV008,BU002,,
CST01773,2024-11,CC101,Outside Services,Cloud,120833.33,APP031,SRV008,BU002,VEN002,
CST01774,2024-11,CC102,Software,Software,420000.0,APP032,SRV008,BU003,VEN003,PRJ033
CST01775,2024-11,CC102,Internal Labor,People,280000.0,APP032,SRV008,BU003,,
CST01776,2024-11,CC102,Outside Services,Infrastructure,233333.33,APP032,SRV008,BU003,VEN003,
CST01777,2024-11,CC103,Software,Software,356250.0,APP033,SRV008,BU004,VEN004,
CST01778,2024-11,CC103,Internal Labor,People,237500.0,APP033,SRV008,BU004,,
CST01779,2024-11,CC103,Outside Services,Cloud,197916.67,APP033,SRV008,BU004,VEN004,
CST01780,2024-11,CC104,Software,Software,506250.0,APP034,SRV003,BU005,VEN005,
CST01781,2024-11,CC104,Internal Labor,People,337500.0,APP034,SRV003,BU005,,
CST01782,2024-11,CC104,Outside Services,Infrastructure,281250.0,APP034,SRV003,BU005,VEN005,
CST01783,2024-11,CC105,Software,Software,712500.0,APP035,SRV012,BU006,VEN006,
CST01784,2024-11,CC105,Internal Labor,People,475000.0,APP035,SRV012,BU006,,
CST01785,2024-11,CC105,Outside Services,Cloud,395833.33,APP035,SRV012,BU006,VEN006,
CST01786,2024-11,CC106,Software,Software,618750.0,APP036,SRV011,BU007,VEN007,PRJ037
CST01787,2024-11,CC106,Internal Labor,People,412500.0,APP036,SRV011,BU007,,
CST01788,2024-11,CC106,Outside Services,Infrastructure,343750.0,APP036,SRV011,BU007,VEN007,
CST01789,2024-11,CC107,Software,Software,532500.0,APP037,SRV004,BU008,VEN008,
CST01790,2024-11,CC107,Internal Labor,People,355000.0,APP037,SRV004,BU008,,
CST01791,2024-11,CC107,Outside Services,Infrastructure,295833.33,APP037,SRV004,BU008,VEN008,
CST01792,2024-11,CC108,Software,Software,255000.0,APP038,SRV007,BU009,VEN009,
CST01793,2024-11,CC108,Internal Labor,People,170000.0,APP038,SRV007,BU009,,
CST01794,2024-11,CC108,Outside Services,Infrastructure,141666.67,APP038,SRV007,BU009,VEN009,
CST01795,2024-11,CC109,Software,Software,1275000.0,APP039,SRV007,BU010,VEN010,
CST01796,2024-11,CC109,Internal Labor,People,850000.0,APP039,SRV007,BU010,,
CST01797,2024-11,CC109,Outside Services,Cloud,708333.33,APP039,SRV007,BU010,VEN010,
CST01798,2024-11,CC100,Software,Software,333750.0,APP040,SRV010,BU001,VEN001,PRJ001
CST01799,2024-11,CC100,Internal Labor,People,222500.0,APP040,SRV010,BU001,,
CST01800,2024-11,CC100,Outside Services,Cloud,185416.67,APP040,SRV010,BU001,VEN001,
CST01801,2024-11,CC101,Software,Software,862500.0,APP041,SRV018,BU002,VEN002,
CST01802,2024-11,CC101,Internal Labor,People,575000.0,APP041,SRV018,BU002,,
CST01803,2024-11,CC101,Outside Services,Infrastructure,479166.67,APP041,SRV018,BU002,VEN002,
CST01804,2024-11,CC102,Software,Software,191250.0,APP042,SRV014,BU003,VEN003,
CST01805,2024-11,CC102,Internal Labor,People,127500.0,APP042,SRV014,BU003,,
CST01806,2024-11,CC102,Outside Services,Infrastructure,106250.0,APP042,SRV014,BU003,VEN003,
CST01807,2024-11,CC103,Software,Software,157500.0,APP043,SRV001,BU004,VEN004,
CST01808,2024-11,CC103,Internal Labor,People,105000.0,APP043,SRV001,BU004,,
CST01809,2024-11,CC103,Outside Services,Infrastructure,87500.0,APP043,SRV001,BU004,VEN004,
CST01810,2024-11,CC104,Software,Software,142500.0,APP044,SRV004,BU005,VEN005,PRJ005
CST01811,2024-11,CC104,Internal Labor,People,95000.0,APP044,SRV004,BU005,,
CST01812,2024-11,CC104,Outside Services,Infrastructure,79166.67,APP044,SRV004,BU005,VEN005,
CST01813,2024-11,CC105,Software,Software,382500.0,APP045,SRV009,BU006,VEN006,
CST01814,2024-11,CC105,Internal Labor,People,255000.0,APP045,SRV009,BU006,,
CST01815,2024-11,CC105,Outside Services,Infrastructure,212500.0,APP045,SRV009,BU006,VEN006,
CST01816,2024-11,CC106,Software,Software,183750.0,APP046,SRV009,BU007,VEN007,
CST01817,2024-11,CC106,Internal Labor,People,122500.0,APP046,SRV009,BU007,,
CST01818,2024-11,CC106,Outside Services,Cloud,102083.33,APP046,SRV009,BU007,VEN007,
CST01819,2024-11,CC107,Software,Software,270000.0,APP047,SRV003,BU008,VEN008,
CST01820,2024-11,CC107,Internal Labor,People,180000.0,APP047,SRV003,BU008,,
CST01821,2024-11,CC107,Outside Services,Cloud,150000.0,APP047,SRV003,BU008,VEN008,
CST01822,2024-11,CC108,Software,Software,116250.0,APP048,SRV014,BU009,VEN009,PRJ009
CST01823,2024-11,CC108,Internal Labor,People,77500.0,APP048,SRV014,BU009,,
CST01824,2024-11,CC108,Outside Services,Infrastructure,64583.33,APP048,SRV014,BU009,VEN009,
CST01825,2024-11,CC109,Software,Software,918750.0,APP049,SRV015,BU010,VEN010,
CST01826,2024-11,CC109,Internal Labor,People,612500.0,APP049,SRV015,BU010,,
CST01827,2024-11,CC109,Outside Services,Infrastructure,510416.67,APP049,SRV015,BU010,VEN010,
CST01828,2024-11,CC100,Software,Software,480000.0,APP050,SRV015,BU001,VEN001,
CST01829,2024-11,CC100,Internal Labor,People,320000.0,APP050,SRV015,BU001,,
CST01830,2024-11,CC100,Outside Services,Infrastructure,266666.67,APP050,SRV015,BU001,VEN001,
CST01831,2024-11,CC200,Outside Services,Infrastructure,1500000.0,,SRV001,BU006,VEN001,
CST01832,2024-11,CC201,Outside Services,Infrastructure,1620000.0,,SRV002,BU006,VEN002,
CST01833,2024-11,CC202,Outside Services,Infrastructure,1740000.0,,SRV003,BU006,VEN003,
CST01834,2024-11,CC203,Outside Services,Infrastructure,1860000.0,,SRV004,BU006,VEN004,
CST01835,2024-11,CC204,Outside Services,Infrastructure,1980000.0,,SRV005,BU006,VEN005,
CST01836,2024-11,CC205,Outside Services,Infrastructure,2100000.0,,SRV006,BU006,VEN006,
CST01837,2024-11,CC206,Outside Services,Infrastructure,2220000.0,,SRV007,BU006,VEN007,
CST01838,2024-11,CC207,Outside Services,Infrastructure,2340000.0,,SRV008,BU006,VEN008,
CST01839,2024-11,CC208,Outside Services,Infrastructure,2460000.0,,SRV009,BU006,VEN009,
CST01840,2024-11,CC209,Outside Services,Infrastructure,2580000.0,,SRV010,BU006,VEN010,
CST01841,2024-11,CC210,Outside Services,Infrastructure,2700000.0,,SRV011,BU006,VEN001,
CST01842,2024-11,CC211,Outside Services,Infrastructure,2820000.0,,SRV012,BU006,VEN002,
CST01843,2024-11,CC212,Outside Services,Infrastructure,2940000.0,,SRV013,BU006,VEN003,
CST01844,2024-11,CC213,Outside Services,Infrastructure,3060000.0,,SRV014,BU006,VEN004,
CST01845,2024-11,CC214,Outside Services,Infrastructure,3180000.0,,SRV015,BU006,VEN005,
CST01846,2024-11,CC215,Outside Services,Infrastructure,3300000.0,,SRV016,BU006,VEN006,
CST01847,2024-11,CC216,Outside Services,Infrastructure,3420000.0,,SRV017,BU006,VEN007,
CST01848,2024-11,CC217,Outside Services,Infrastructure,3540000.0,,SRV018,BU006,VEN008,
CST01849,2024-12,CC101,Software,Software,5625000.0,APP001,SRV012,BU002,VEN002,
CST01850,2024-12,CC101,Internal Labor,People,3750000.0,APP001,SRV012,BU002,,
CST01851,2024-12,CC101,Outside Services,Cloud,3125000.0,APP001,SRV012,BU002,VEN002,
CST01852,2024-12,CC102,Software,Software,1050000.0,APP002,SRV002,BU003,VEN003,
CST01853,2024-12,CC102,Internal Labor,People,700000.0,APP002,SRV002,BU003,,
CST01854,2024-12,CC102,Outside Services,Infrastructure,583333.33,APP002,SRV002,BU003,VEN003,
CST01855,2024-12,CC103,Software,Software,731250.0,APP003,SRV016,BU004,VEN004,
CST01856,2024-12,CC103,Internal Labor,People,487500.0,APP003,SRV016,BU004,,
CST01857,2024-12,CC103,Outside Services,Cloud,406250.0,APP003,SRV016,BU004,VEN004,
CST01858,2024-12,CC104,Software,Software,825000.0,APP004,SRV011,BU005,VEN005,PRJ005
CST01859,2024-12,CC104,Internal Labor,People,550000.0,APP004,SRV011,BU005,,
CST01860,2024-12,CC104,Outside Services,Cloud,458333.33,APP004,SRV011,BU005,VEN005,
CST01861,2024-12,CC105,Software,Software,937500.0,APP005,SRV001,BU006,VEN006,
CST01862,2024-12,CC105,Internal Labor,People,625000.0,APP005,SRV001,BU006,,
CST01863,2024-12,CC105,Outside Services,Infrastructure,520833.33,APP005,SRV001,BU006,VEN006,
CST01864,2024-12,CC106,Software,Software,525000.0,APP006,SRV001,BU007,VEN007,
CST01865,2024-12,CC106,Internal Labor,People,350000.0,APP006,SRV001,BU007,,
CST01866,2024-12,CC106,Outside Services,Infrastructure,291666.67,APP006,SRV001,BU007,VEN007,
CST01867,2024-12,CC107,Software,Software,675000.0,APP007,SRV009,BU008,VEN008,
CST01868,2024-12,CC107,Internal Labor,People,450000.0,APP007,SRV009,BU008,,
CST01869,2024-12,CC107,Outside Services,Infrastructure,375000.0,APP007,SRV009,BU008,VEN008,
CST01870,2024-12,CC108,Software,Software,468750.0,APP008,SRV001,BU009,VEN009,PRJ009
CST01871,2024-12,CC108,Internal Labor,People,312500.0,APP008,SRV001,BU009,,
CST01872,2024-12,CC108,Outside Services,Infrastructure,260416.67,APP008,SRV001,BU009,VEN009,
CST01873,2024-12,CC109,Software,Software,356250.0,APP009,SRV006,BU010,VEN010,
CST01874,2024-12,CC109,Internal Labor,People,237500.0,APP009,SRV006,BU010,,
CST01875,2024-12,CC109,Outside Services,Infrastructure,197916.67,APP009,SRV006,BU010,VEN010,
CST01876,2024-12,CC100,Software,Software,600000.0,APP010,SRV006,BU001,VEN001,
CST01877,2024-12,CC100,Internal Labor,People,400000.0,APP010,SRV006,BU001,,
CST01878,2024-12,CC100,Outside Services,Cloud,333333.33,APP010,SRV006,BU001,VEN001,
CST01879,2024-12,CC101,Software,Software,1162500.0,APP011,SRV007,BU002,VEN002,
CST01880,2024-12,CC101,Internal Labor,People,775000.0,APP011,SRV007,BU002,,
CST01881,2024-12,CC101,Outside Services,Cloud,645833.33,APP011,SRV007,BU002,VEN002,
CST01882,2024-12,CC102,Software,Software,431250.0,APP012,SRV001,BU003,VEN003,PRJ013
CST01883,2024-12,CC102,Internal Labor,People,287500.0,APP012,SRV001,BU003,,
CST01884,2024-12,CC102,Outside Services,Cloud,239583.33,APP012,SRV001,BU003,VEN003,
CST01885,2024-12,CC103,Software,Software,1087500.0,APP013,SRV012,BU004,VEN004,
CST01886,2024-12,CC103,Internal Labor,People,725000.0,APP013,SRV012,BU004,,
CST01887,2024-12,CC103,Outside Services,Cloud,604166.67,APP013,SRV012,BU004,VEN004,
CST01888,2024-12,CC104,Software,Software,5715000.0,APP014,SRV011,BU005,VEN005,
CST01889,2024-12,CC104,Internal Labor,People,3810000.0,APP014,SRV011,BU005,,
CST01890,2024-12,CC104,Outside Services,Cloud,3175000.0,APP014,SRV011,BU005,VEN005,
CST01891,2024-12,CC105,Software,Software,787500.0,APP015,SRV018,BU006,VEN006,
CST01892,2024-12,CC105,Internal Labor,People,525000.0,APP015,SRV018,BU006,,
CST01893,2024-12,CC105,Outside Services,Infrastructure,437500.0,APP015,SRV018,BU006,VEN006,
CST01894,2024-12,CC106,Software,Software,581250.0,APP016,SRV018,BU007,VEN007,PRJ017
CST01895,2024-12,CC106,Internal Labor,People,387500.0,APP016,SRV018,BU007,,
CST01896,2024-12,CC106,Outside Services,Cloud,322916.67,APP016,SRV018,BU007,VEN007,
CST01897,2024-12,CC107,Software,Software,318750.0,APP017,SRV002,BU008,VEN008,
CST01898,2024-12,CC107,Internal Labor,People,212500.0,APP017,SRV002,BU008,,
CST01899,2024-12,CC107,Outside Services,Infrastructure,177083.33,APP017,SRV002,BU008,VEN008,
CST01900,2024-12,CC108,Software,Software,367500.0,APP018,SRV001,BU009,VEN009,
CST01901,2024-12,CC108,Internal Labor,People,245000.0,APP018,SRV001,BU009,,
CST01902,2024-12,CC108,Outside Services,Cloud,204166.67,APP018,SRV001,BU009,VEN009,
CST01903,2024-12,CC109,Software,Software,1425000.0,APP019,SRV009,BU010,VEN010,
CST01904,2024-12,CC109,Internal Labor,People,950000.0,APP019,SRV009,BU010,,
CST01905,2024-12,CC109,Outside Services,Infrastructure,791666.67,APP019,SRV009,BU010,VEN010,
CST01906,2024-12,CC100,Software,Software,975000.0,APP020,SRV015,BU001,VEN001,PRJ021
CST01907,2024-12,CC100,Internal Labor,People,650000.0,APP020,SRV015,BU001,,
CST01908,2024-12,CC100,Outside Services,Cloud,541666.67,APP020,SRV015,BU001,VEN001,
CST01909,2024-12,CC101,Software,Software,3150000.0,APP021,SRV007,BU002,VEN002,
CST01910,2024-12,CC101,Internal Labor,People,2100000.0,APP021,SRV007,BU002,,
CST01911,2024-12,CC101,Outside Services,Cloud,1750000.0,APP021,SRV007,BU002,VEN002,
CST01912,2024-12,CC102,Software,Software,2610000.0,APP022,SRV009,BU003,VEN003,
CST01913,2024-12,CC102,Internal Labor,People,1740000.0,APP022,SRV009,BU003,,
CST01914,2024-12,CC102,Outside Services,Cloud,1450000.0,APP022,SRV009,BU003,VEN003,
CST01915,2024-12,CC103,Software,Software,1031250.0,APP023,SRV012,BU004,VEN004,
CST01916,2024-12,CC103,Internal Labor,People,687500.0,APP023,SRV012,BU004,,
CST01917,2024-12,CC103,Outside Services,Cloud,572916.67,APP023,SRV012,BU004,VEN004,
CST01918,2024-12,CC104,Software,Software,712500.0,APP024,SRV002,BU005,VEN005,PRJ025
CST01919,2024-12,CC104,Internal Labor,People,475000.0,APP024,SRV002,BU005,,
CST01920,2024-12,CC104,Outside Services,Infrastructure,395833.33,APP024,SRV002,BU005,VEN005,
CST01921,2024-12,CC105,Software,Software,487500.0,APP025,SRV013,BU006,VEN006,
CST01922,2024-12,CC105,Internal Labor,People,325000.0,APP025,SRV013,BU006,,
CST01923,2024-12,CC105,Outside Services,Cloud,270833.33,APP025,SRV013,BU006,VEN006,
CST01924,2024-12,CC106,Software,Software,292500.0,APP026,SRV001,BU007,VEN007,
CST01925,2024-12,CC106,Internal Labor,People,195000.0,APP026,SRV001,BU007,,
CST01926,2024-12,CC106,Outside Services,Infrastructure,162500.0,APP026,SRV001,BU007,VEN007,
CST01927,2024-12,CC107,Software,Software,345000.0,APP027,SRV004,BU008,VEN008,
CST01928,2024-12,CC107,Internal Labor,People,230000.0,APP027,SRV004,BU008,,
CST01929,2024-12,CC107,Outside Services,Infrastructure,191666.67,APP027,SRV004,BU008,VEN008,
CST01930,2024-12,CC108,Software,Software,243750.0,APP028,SRV014,BU009,VEN009,PRJ029
CST01931,2024-12,CC108,Internal Labor,People,162500.0,APP028,SRV014,BU009,,
CST01932,2024-12,CC108,Outside Services,Infrastructure,135416.67,APP028,SRV014,BU009,VEN009,
CST01933,2024-12,CC109,Software,Software,693750.0,APP029,SRV010,BU010,VEN010,
CST01934,2024-12,CC109,Internal Labor,People,462500.0,APP029,SRV010,BU010,,
CST01935,2024-12,CC109,Outside Services,Cloud,385416.67,APP029,SRV010,BU010,VEN010,
CST01936,2024-12,CC100,Software,Software,843750.0,APP030,SRV009,BU001,VEN001,
CST01937,2024-12,CC100,Internal Labor,People,562500.0,APP030,SRV009,BU001,,
CST01938,2024-12,CC100,Outside Services,Infrastructure,468750.0,APP030,SRV009,BU001,VEN001,
CST01939,2024-12,CC101,Software,Software,217500.0,APP031,SRV008,BU002,VEN002,
CST01940,2024-12,CC101,Internal Labor,People,145000.0,APP031,SRV008,BU002,,
CST01941,2024-12,CC101,Outside Services,Cloud,120833.33,APP031,SRV008,BU002,VEN002,
CST01942,2024-12,CC102,Software,Software,420000.0,APP032,SRV008,BU003,VEN003,PRJ033
CST01943,2024-12,CC102,Internal Labor,People,280000.0,APP032,SRV008,BU003,,
CST01944,2024-12,CC102,Outside Services,Infrastructure,233333.33,APP032,SRV008,BU003,VEN003,
CST01945,2024-12,CC103,Software,Software,356250.0,APP033,SRV008,BU004,VEN004,
CST01946,2024-12,CC103,Internal Labor,People,237500.0,APP033,SRV008,BU004,,
CST01947,2024-12,CC103,Outside Services,Cloud,197916.67,APP033,SRV008,BU004,VEN004,
CST01948,2024-12,CC104,Software,Software,506250.0,APP034,SRV003,BU005,VEN005,
CST01949,2024-12,CC104,Internal Labor,People,337500.0,APP034,SRV003,BU005,,
CST01950,2024-12,CC104,Outside Services,Infrastructure,281250.0,APP034,SRV003,BU005,VEN005,
CST01951,2024-12,CC105,Software,Software,712500.0,APP035,SRV012,BU006,VEN006,
CST01952,2024-12,CC105,Internal Labor,People,475000.0,APP035,SRV012,BU006,,
CST01953,2024-12,CC105,Outside Services,Cloud,395833.33,APP035,SRV012,BU006,VEN006,
CST01954,2024-12,CC106,Software,Software,618750.0,APP036,SRV011,BU007,VEN007,PRJ037
CST01955,2024-12,CC106,Internal Labor,People,412500.0,APP036,SRV011,BU007,,
CST01956,2024-12,CC106,Outside Services,Infrastructure,343750.0,APP036,SRV011,BU007,VEN007,
CST01957,2024-12,CC107,Software,Software,532500.0,APP037,SRV004,BU008,VEN008,
CST01958,2024-12,CC107,Internal Labor,People,355000.0,APP037,SRV004,BU008,,
CST01959,2024-12,CC107,Outside Services,Infrastructure,295833.33,APP037,SRV004,BU008,VEN008,
CST01960,2024-12,CC108,Software,Software,255000.0,APP038,SRV007,BU009,VEN009,
CST01961,2024-12,CC108,Internal Labor,People,170000.0,APP038,SRV007,BU009,,
CST01962,2024-12,CC108,Outside Services,Infrastructure,141666.67,APP038,SRV007,BU009,VEN009,
CST01963,2024-12,CC109,Software,Software,1275000.0,APP039,SRV007,BU010,VEN010,
CST01964,2024-12,CC109,Internal Labor,People,850000.0,APP039,SRV007,BU010,,
CST01965,2024-12,CC109,Outside Services,Cloud,708333.33,APP039,SRV007,BU010,VEN010,
CST01966,2024-12,CC100,Software,Software,333750.0,APP040,SRV010,BU001,VEN001,PRJ001
CST01967,2024-12,CC100,Internal Labor,People,222500.0,APP040,SRV010,BU001,,
CST01968,2024-12,CC100,Outside Services,Cloud,185416.67,APP040,SRV010,BU001,VEN001,
CST01969,2024-12,CC101,Software,Software,862500.0,APP041,SRV018,BU002,VEN002,
CST01970,2024-12,CC101,Internal Labor,People,575000.0,APP041,SRV018,BU002,,
CST01971,2024-12,CC101,Outside Services,Infrastructure,479166.67,APP041,SRV018,BU002,VEN002,
CST01972,2024-12,CC102,Software,Software,191250.0,APP042,SRV014,BU003,VEN003,
CST01973,2024-12,CC102,Internal Labor,People,127500.0,APP042,SRV014,BU003,,
CST01974,2024-12,CC102,Outside Services,Infrastructure,106250.0,APP042,SRV014,BU003,VEN003,
CST01975,2024-12,CC103,Software,Software,157500.0,APP043,SRV001,BU004,VEN004,
CST01976,2024-12,CC103,Internal Labor,People,105000.0,APP043,SRV001,BU004,,
CST01977,2024-12,CC103,Outside Services,Infrastructure,87500.0,APP043,SRV001,BU004,VEN004,
CST01978,2024-12,CC104,Software,Software,142500.0,APP044,SRV004,BU005,VEN005,PRJ005
CST01979,2024-12,CC104,Internal Labor,People,95000.0,APP044,SRV004,BU005,,
CST01980,2024-12,CC104,Outside Services,Infrastructure,79166.67,APP044,SRV004,BU005,VEN005,
CST01981,2024-12,CC105,Software,Software,382500.0,APP045,SRV009,BU006,VEN006,
CST01982,2024-12,CC105,Internal Labor,People,255000.0,APP045,SRV009,BU006,,
CST01983,2024-12,CC105,Outside Services,Infrastructure,212500.0,APP045,SRV009,BU006,VEN006,
CST01984,2024-12,CC106,Software,Software,183750.0,APP046,SRV009,BU007,VEN007,
CST01985,2024-12,CC106,Internal Labor,People,122500.0,APP046,SRV009,BU007,,
CST01986,2024-12,CC106,Outside Services,Cloud,102083.33,APP046,SRV009,BU007,VEN007,
CST01987,2024-12,CC107,Software,Software,270000.0,APP047,SRV003,BU008,VEN008,
CST01988,2024-12,CC107,Internal Labor,People,180000.0,APP047,SRV003,BU008,,
CST01989,2024-12,CC107,Outside Services,Cloud,150000.0,APP047,SRV003,BU008,VEN008,
CST01990,2024-12,CC108,Software,Software,116250.0,APP048,SRV014,BU009,VEN009,PRJ009
CST01991,2024-12,CC108,Internal Labor,People,77500.0,APP048,SRV014,BU009,,
CST01992,2024-12,CC108,Outside Services,Infrastructure,64583.33,APP048,SRV014,BU009,VEN009,
CST01993,2024-12,CC109,Software,Software,918750.0,APP049,SRV015,BU010,VEN010,
CST01994,2024-12,CC109,Internal Labor,People,612500.0,APP049,SRV015,BU010,,
CST01995,2024-12,CC109,Outside Services,Infrastructure,510416.67,APP049,SRV015,BU010,VEN010,
CST01996,2024-12,CC100,Software,Software,480000.0,APP050,SRV015,BU001,VEN001,
CST01997,2024-12,CC100,Internal Labor,People,320000.0,APP050,SRV015,BU001,,
CST01998,2024-12,CC100,Outside Services,Infrastructure,266666.67,APP050,SRV015,BU001,VEN001,
CST01999,2024-12,CC200,Outside Services,Infrastructure,1500000.0,,SRV001,BU006,VEN001,
CST02000,2024-12,CC201,Outside Services,Infrastructure,1620000.0,,SRV002,BU006,VEN002,
CST02001,2024-12,CC202,Outside Services,Infrastructure,1740000.0,,SRV003,BU006,VEN003,
CST02002,2024-12,CC203,Outside Services,Infrastructure,1860000.0,,SRV004,BU006,VEN004,
CST02003,2024-12,CC204,Outside Services,Infrastructure,1980000.0,,SRV005,BU006,VEN005,
CST02004,2024-12,CC205,Outside Services,Infrastructure,2100000.0,,SRV006,BU006,VEN006,
CST02005,2024-12,CC206,Outside Services,Infrastructure,2220000.0,,SRV007,BU006,VEN007,
CST02006,2024-12,CC207,Outside Services,Infrastructure,2340000.0,,SRV008,BU006,VEN008,
CST02007,2024-12,CC208,Outside Services,Infrastructure,2460000.0,,SRV009,BU006,VEN009,
CST02008,2024-12,CC209,Outside Services,Infrastructure,2580000.0,,SRV010,BU006,VEN010,
CST02009,2024-12,CC210,Outside Services,Infrastructure,2700000.0,,SRV011,BU006,VEN001,
CST02010,2024-12,CC211,Outside Services,Infrastructure,2820000.0,,SRV012,BU006,VEN002,
CST02011,2024-12,CC212,Outside Services,Infrastructure,2940000.0,,SRV013,BU006,VEN003,
CST02012,2024-12,CC213,Outside Services,Infrastructure,3060000.0,,SRV014,BU006,VEN004,
CST02013,2024-12,CC214,Outside Services,Infrastructure,3180000.0,,SRV015,BU006,VEN005,
CST02014,2024-12,CC215,Outside Services,Infrastructure,3300000.0,,SRV016,BU006,VEN006,
CST02015,2024-12,CC216,Outside Services,Infrastructure,3420000.0,,SRV017,BU006,VEN007,
CST02016,2024-12,CC217,Outside Services,Infrastructure,3540000.0,,SRV018,BU006,VEN008,
